block,BedLoc,bed,bed.row,bed.col,Genotype,pop.mf,parent.pop,mf,rep,death.date,survey.notes
A,A_1_A,A,1,A,TM2_6_11,TM2_6,TM2,6,11,NA,NA
A,A_1_B,A,1,B,LVTR1_7_1,LVTR1_7,LVTR1,7,1,7/26/23,NA
A,A_2_A,A,2,A,SQ2_6_14,SQ2_6,SQ2,6,14,7/26/23,NA
A,A_2_B,A,2,B,YO8_8_3,YO8_8,YO8,8,3,7/26/23,NA
A,A_3_A,A,3,A,CC_2_3,CC_2,CC,2,3,NA,NA
A,A_3_B,A,3,B,YO11_5_14,YO11_5,YO11,5,14,7/26/23,NA
A,A_4_A,A,4,A,BH_6_3,BH_6,BH,6,3,7/26/23,NA
A,A_4_B,A,4,B,DPR_4_8,DPR_4,DPR,4,8,7/26/23,NA
A,A_5_A,A,5,A,CP2_5_1,CP2_5,CP2,5,1,NA,10/13: No leaves
A,A_5_B,A,5,B,LVTR1_3_12,LVTR1_3,LVTR1,3,12,7/26/23,NA
A,A_6_A,A,6,A,CC_5_3,CC_5,CC,5,3,NA,9/13 Stem broken
A,A_6_B,A,6,B,CC_3_3,CC_3,CC,3,3,NA,NA
A,A_7_A,A,7,A,WL1_2_8,WL1_2,WL1,2,8,8/9/23,NA
A,A_7_B,A,7,B,IH_5_3,IH_5,IH,5,3,NA,NA
A,A_8_A,A,8,A,DPR_6_15,DPR_6,DPR,6,15,7/26/23,NA
A,A_8_B,A,8,B,CP3_5_9,CP3_5,CP3,5,9,NA,NA
A,A_9_A,A,9,A,SC_6_3,SC_6,SC,6,3,8/9/23,NA
A,A_9_B,A,9,B,SQ2_8_9,SQ2_8,SQ2,8,9,NA,9/27 broken stem / new leaves sprouting
A,A_10_A,A,10,A,FR_4_2,FR_4,FR,4,2,7/26/23,NA
A,A_10_B,A,10,B,CP2_3_1,CP2_3,CP2,3,1,7/26/23,NA
A,A_11_A,A,11,A,YO8_2_12,YO8_2,YO8,2,12,7/26/23,NA
A,A_11_B,A,11,B,LV3_7_9,LV3_7,LV3,7,9,7/26/23,NA
A,A_12_A,A,12,A,YO7_5_11,YO7_5,YO7,5,11,7/26/23,NA
A,A_12_B,A,12,B,TM2_7_20,TM2_7,TM2,7,20,8/2/23,NA
A,A_13_A,A,13,A,YO7_7_12,YO7_7,YO7,7,12,8/9/23,NA
A,A_13_B,A,13,B,YO8_1_12,YO8_1,YO8,1,12,7/26/23,NA
A,A_14_A,A,14,A,WV_4_8,WV_4,WV,4,8,7/26/23,NA
A,A_14_B,A,14,B,CP3_6_9,CP3_6,CP3,6,9,8/2/23,NA
A,A_15_A,A,15,A,DPR_1_8,DPR_1,DPR,1,8,8/9/23,NA
A,A_15_B,A,15,B,YO11_7_9,YO11_7,YO11,7,9,NA,9/20-no leaves meristem green
A,A_16_A,A,16,A,CP2_4_1,CP2_4,CP2,4,1,NA,NA
A,A_16_B,A,16,B,BH_3_3,BH_3,BH,3,3,NA,NA
A,A_17_A,A,17,A,BH_7_3,BH_7,BH,7,3,NA,NA
A,A_17_B,A,17,B,YO11_5_9,YO11_5,YO11,5,9,10/13/23,9/27 - leaves dead stem turgid
A,A_18_A,A,18,A,BH_4_3,BH_4,BH,4,3,NA,NA
A,A_18_B,A,18,B,LVTR1_8_17,LVTR1_8,LVTR1,8,17,10/13/23,9/20-no leaves stem turgid
A,A_19_A,A,19,A,SQ3_4_7,SQ3_4,SQ3,4,7,NA,9/27-heavy herbivory
A,A_19_B,A,19,B,YO11_8_9,YO11_8,YO11,8,9,7/26/23,NA
A,A_20_A,A,20,A,CC_9_3,CC_9,CC,9,3,NA,NA
A,A_20_B,A,20,B,WL2_8_9,WL2_8,WL2,8,9,NA,9/27- heavy herbivory
A,A_21_A,A,21,A,CP2_6_5,CP2_6,CP2,6,5,NA,9/27 - no leaves stem turgid
A,A_21_B,A,21,B,LVTR1_8_4,LVTR1_8,LVTR1,8,4,NA,9/20 -no leaves stem turgid
A,A_22_A,A,22,A,LVTR1_2_1,LVTR1_2,LVTR1,2,1,9/20/23,9/6-no leaves
A,A_22_B,A,22,B,IH_6_3,IH_6,IH,6,3,NA,NA
A,A_23_A,A,23,A,FR_7_3,FR_7,FR,7,3,10/13/23,9/20-buds dead / powdery mildew
A,A_23_B,A,23,B,WL1_4_11,WL1_4,WL1,4,11,NA,9/20 -no leaves
A,A_24_A,A,24,A,WL2_7_9,WL2_7,WL2,7,9,NA,NA
A,A_24_B,A,24,B,LV1_6_2,LV1_6,LV1,6,2,8/2/23,NA
A,A_25_A,A,25,A,YO4_1_13,YO4_1,YO4,1,13,NA,9/20 powdery mildew / 9/27 - leaves gone
A,A_25_B,A,25,B,SQ2_1_5,SQ2_1,SQ2,1,5,8/2/23,NA
A,A_26_A,A,26,A,YO8_4_6,YO8_4,YO8,4,6,7/26/23,NA
A,A_26_B,A,26,B,CP3_2_9,CP3_2,CP3,2,9,10/20/23,9/27-leaves gone stem turgid
A,A_27_A,A,27,A,BH_5_3,BH_5,BH,5,3,7/26/23,NA
A,A_27_B,A,27,B,DPR_4_14,DPR_4,DPR,4,14,7/26/23,NA
A,A_28_A,A,28,A,YO7_5_15,YO7_5,YO7,5,15,8/2/23,NA
A,A_28_B,A,28,B,YO11_4_2,YO11_4,YO11,4,2,7/26/23,NA
A,A_29_A,A,29,A,YO8_3_12,YO8_3,YO8,3,12,7/26/23,NA
A,A_29_B,A,29,B,WL2_3_9,WL2_3,WL2,3,9,8/9/23,8/16 pick present / no date
A,A_30_A,A,30,A,TM2_1_2,TM2_1,TM2,1,2,7/26/23,NA
A,A_30_B,A,30,B,DPR_3_8,DPR_3,DPR,3,8,8/2/23,NA
A,A_31_A,A,31,A,WL2_3_10,WL2_3,WL2,3,10,NA,9/27-Many leaves gone
A,A_31_B,A,31,B,YO7_1_10,YO7_1,YO7,1,10,8/2/23,NA
B,A_32_A,A,32,A,LVTR1_2_2,LVTR1_2,LVTR1,2,2,8/2/23,NA
B,A_32_B,A,32,B,IH_7_4,IH_7,IH,7,4,NA,NA
B,A_33_A,A,33,A,FR_1_12,FR_1,FR,1,12,8/30/23,8/23- no leaves stem turgid
B,A_33_B,A,33,B,WL1_7_17,WL1_7,WL1,7,17,8/2/23,NA
B,A_34_A,A,34,A,YO11_1_10,YO11_1,YO11,1,10,8/2/23,NA
B,A_34_B,A,34,B,CP2_5_2,CP2_5,CP2,5,2,8/9/23,NA
B,A_35_A,A,35,A,SC_8_4,SC_8,SC,8,4,NA,NA
B,A_35_B,A,35,B,BH_4_4,BH_4,BH,4,4,8/2/23,NA
B,A_36_A,A,36,A,BH_3_4,BH_3,BH,3,4,NA,NA
B,A_36_B,A,36,B,LVTR1_7_2,LVTR1_7,LVTR1,7,2,8/2/23,7/26-still alive
B,A_37_A,A,37,A,WR_2_2,WR_2,WR,2,2,7/26/23,NA
B,A_37_B,A,37,B,WL2_8_10,WL2_8,WL2,8,10,NA,9/20- no leaves stem turgid
B,A_38_A,A,38,A,FR_4_3,FR_4,FR,4,3,9/20/23,8/30-leaves Crispy . 9/6 alive. no leaves
B,A_38_B,A,38,B,CP3_3_10,CP3_3,CP3,3,10,8/2/23,NA
B,A_39_A,A,39,A,LVTR1_3_8,LVTR1_3,LVTR1,3,8,8/2/23,NA
B,A_39_B,A,39,B,WL2_7_10,WL2_7,WL2,7,10,NA,NA
B,A_40_A,A,40,A,DPR_4_9,DPR_4,DPR,4,9,NA,NA
B,A_40_B,A,40,B,BH_5_4,BH_5,BH,5,4,NA,NA
B,A_42_A,A,42,A,IH_3_4,IH_3,IH,3,4,NA,NA
B,A_42_B,A,42,B,CP2_3_2,CP2_3,CP2,3,2,NA,9/27-leaves gone Stem turgid
B,A_43_A,A,43,A,TM2_6_1,TM2_6,TM2,6,1,NA,10/13: aphids
B,A_43_B,A,43,B,WL1_3_6,WL1_3,WL1,3,6,NA,9/20 -powdery mildew
B,A_44_A,A,44,A,DPR_1_9,DPR_1,DPR,1,9,7/26/23,NA
B,A_44_B,A,44,B,LV1_2_3,LV1_2,LV1,2,3,8/2/23,NA
B,A_45_A,A,45,A,CP3_5_10,CP3_5,CP3,5,10,8/16/23,NA
B,A_45_B,A,45,B,IH_2_4,IH_2,IH,2,4,NA,NA
B,A_46_A,A,46,A,CP3_4_10,CP3_4,CP3,4,10,NA,NA
B,A_46_B,A,46,B,TM2_3_11,TM2_3,TM2,3,11,NA,NA
B,A_47_A,A,47,A,SQ3_5_4,SQ3_5,SQ3,5,4,10/13/23,8/30-no leaves
B,A_47_B,A,47,B,YO11_6_14,YO11_6,YO11,6,14,7/26/23,NA
B,A_48_A,A,48,A,CC_2_4,CC_2,CC,2,4,8/9/23,NA
B,A_48_B,A,48,B,YO8_2_13,YO8_2,YO8,2,13,8/9/23,NA
B,A_49_A,A,49,A,YO7_7_23,YO7_7,YO7,7,23,NA,tag fading
B,A_49_B,A,49,B,DPR_8_19,DPR_8,DPR,8,19,9/13/23,NA
B,A_50_A,A,50,A,SQ3_3_2,SQ3_3,SQ3,3,2,NA,8/9 -not dead no leaves. 8/30- - heavy herbiv no leaves
B,A_50_B,A,50,B,LV1_6_3,LV1_6,LV1,6,3,7/26/23,NA
B,A_51_A,A,51,A,LV1_5_3,LV1_5,LV1,5,3,9/6/23,8/23-no leaves stem turgid
B,A_51_B,A,51,B,CP2_7_9,CP2_7,CP2,7,9,10/13/23,8/30-heavy herbivory no leaves/10/13: buried
B,A_52_A,A,52,A,LV3_6_9,LV3_6,LV3,6,9,9/27/23,9/20 - leaves dead stem turgid
B,A_52_B,A,52,B,WL1_7_6,WL1_7,WL1,7,6,NA,9/6-heavy herbivory no leaves
B,A_53_A,A,53,A,CC_4_4,CC_4,CC,4,4,NA,NA
B,A_53_B,A,53,B,BH_7_4,BH_7,BH,7,4,NA,NA
B,A_54_A,A,54,A,YO8_6_4,YO8_6,YO8,6,4,8/9/23,NA
B,A_54_B,A,54,B,FR_7_4,FR_7,FR,7,4,8/9/23,NA
B,A_55_A,A,55,A,SQ2_6_24,SQ2_6,SQ2,6,24,7/26/23,NA
B,A_55_B,A,55,B,LV1_8_3,LV1_8,LV1,8,3,8/2/23,NA
B,A_56_A,A,56,A,SQ2_8_10,SQ2_8,SQ2,8,10,NA,NA
B,A_56_B,A,56,B,TM2_2_12,TM2_2,TM2,2,12,NA,NA
B,A_57_A,A,57,A,YO11_7_10,YO11_7,YO11,7,10,7/26/23,NA
B,A_57_B,A,57,B,YO11_6_10,YO11_6,YO11,6,10,7/26/23,NA
B,A_58_A,A,58,A,YO8_1_13,YO8_1,YO8,1,13,NA,10/13: no leaves
B,A_58_B,A,58,B,LVTR1_6_2,LVTR1_6,LVTR1,6,2,7/26/23,NA
B,A_59_A,A,59,A,WL2_5_10,WL2_5,WL2,5,10,NA,10/13: heavy herbivory
A,A_1_C,A,1,C,SC_5_15,SC_5,SC,5,15,7/26/23,NA
A,A_1_D,A,1,D,DPR_6_2,DPR_6,DPR,6,2,7/26/23,NA
A,A_2_C,A,2,C,CP2_2_1,CP2_2,CP2,2,1,7/26/23,NA
A,A_2_D,A,2,D,WL2_1_9,WL2_1,WL2,1,9,7/26/23,NA
A,A_3_C,A,3,C,CP3_4_9,CP3_4,CP3,4,9,8/9/23,NA
A,A_3_D,A,3,D,LV1_5_2,LV1_5,LV1,5,2,7/26/23,NA
A,A_4_C,A,4,C,IH_4_3,IH_4,IH,4,3,7/26/23,NA
A,A_4_D,A,4,D,SQ2_6_9,SQ2_6,SQ2,6,9,7/26/23,NA
A,A_5_C,A,5,C,LV3_5_12,LV3_5,LV3,5,12,7/26/23,NA
A,A_5_D,A,5,D,TM2_2_2,TM2_2,TM2,2,2,7/26/23,NA
A,A_6_C,A,6,C,YO8_6_3,YO8_6,YO8,6,3,7/26/23,NA
A,A_6_D,A,6,D,WL2_6_9,WL2_6,WL2,6,9,7/26/23,NA
A,A_7_C,A,7,C,WL2_5_9,WL2_5,WL2,5,9,7/26/23,NA
A,A_7_D,A,7,D,BH_1_3,BH_1,BH,1,3,7/26/23,NA
A,A_8_C,A,8,C,LV1_4_2,LV1_4,LV1,4,2,7/26/23,NA
A,A_8_D,A,8,D,TM2_7_8,TM2_7,TM2,7,8,7/26/23,NA
A,A_9_C,A,9,C,CC_4_3,CC_4,CC,4,3,8/2/23,NA
A,A_9_D,A,9,D,SQ3_6_6,SQ3_6,SQ3,6,6,7/26/23,NA
A,A_10_C,A,10,C,LVTR1_5_4,LVTR1_5,LVTR1,5,4,7/26/23,NA
A,A_10_D,A,10,D,CP3_1_8,CP3_1,CP3,1,8,7/26/23,NA
A,A_11_C,A,11,C,IH_2_3,IH_2,IH,2,3,7/26/23,NA
A,A_11_D,A,11,D,WR_2_7,WR_2,WR,2,7,7/26/23,NA
A,A_12_C,A,12,C,LV1_3_2,LV1_3,LV1,3,2,8/23/23,8/16-yellow droopy
A,A_12_D,A,12,D,YO7_2_2,YO7_2,YO7,2,2,7/26/23,NA
A,A_13_C,A,13,C,YO11_6_9,YO11_6,YO11,6,9,8/2/23,NA
A,A_13_D,A,13,D,SQ1_6_10,SQ1_6,SQ1,6,10,7/26/23,NA
A,A_14_C,A,14,C,IH_7_3,IH_7,IH,7,3,8/23/23,8/16- yellow droopy
A,A_14_D,A,14,D,CC_8_3,CC_8,CC,8,3,NA,NA
A,A_15_C,A,15,C,CC_1_3,CC_1,CC,1,3,NA,NA
A,A_15_D,A,15,D,WL2_2_9,WL2_2,WL2,2,9,7/26/23,NA
A,A_16_C,A,16,C,YO4_2_4,YO4_2,YO4,2,4,8/30/23,NA
A,A_16_D,A,16,D,SC_2_3,SC_2,SC,2,3,7/26/23,NA
A,A_17_C,A,17,C,LV1_2_2,LV1_2,LV1,2,2,7/26/23,NA
A,A_17_D,A,17,D,BH_2_3,BH_2,BH,2,3,NA,NA
A,A_18_C,A,18,C,CP2_1_1,CP2_1,CP2,1,1,8/2/23,NA
A,A_18_D,A,18,D,YO7_4_2,YO7_4,YO7,4,2,7/11/23,no plant
A,A_19_C,A,19,C,CP3_3_9,CP3_3,CP3,3,9,NA,9/20 - powdery mildew 9/27 - leaves dead
A,A_19_D,A,19,D,SQ3_2_13,SQ3_2,SQ3,2,13,8/23/23,8/16 resprouting
A,A_20_C,A,20,C,YO11_1_9,YO11_1,YO11,1,9,NA,8/30-stem turgid no leaves
A,A_20_D,A,20,D,LV1_8_2,LV1_8,LV1,8,2,7/26/23,NA
A,A_21_C,A,21,C,SQ1_2_5,SQ1_2,SQ1,2,5,8/2/23,NA
A,A_21_D,A,21,D,IH_3_3,IH_3,IH,3,3,NA,NA
A,A_22_C,A,22,C,LVTR1_6_1,LVTR1_6,LVTR1,6,1,7/26/23,NA
A,A_22_D,A,22,D,SC_8_3,SC_8,SC,8,3,NA,NA
A,A_23_C,A,23,C,LV1_1_2,LV1_1,LV1,1,2,8/2/23,NA
A,A_23_D,A,23,D,TM2_3_3,TM2_3,TM2,3,3,NA,NA
A,A_24_C,A,24,C,SC_5_3,SC_5,SC,5,3,8/9/23,NA
A,A_24_D,A,24,D,DPR_8_12,DPR_8,DPR,8,12,8/23/23,8/16-yellow droopy
A,A_25_C,A,25,C,SC_2_25,SC_2,SC,2,25,8/2/23,NA
A,A_25_D,A,25,D,CP3_7_10,CP3_7,CP3,7,10,7/26/23,NA
A,A_26_C,A,26,C,WL1_7_5,WL1_7,WL1,7,5,8/9/23,NA
A,A_26_D,A,26,D,YO7_6_12,YO7_6,YO7,6,12,8/9/23,NA
A,A_27_C,A,27,C,YO7_7_18,YO7_7,YO7,7,18,7/26/23,NA
A,A_27_D,A,27,D,YO4_5_1,YO4_5,YO4,5,1,NA,9/27- leaves gone stem turgid
A,A_28_C,A,28,C,SC_4_3,SC_4,SC,4,3,7/26/23,NA
A,A_28_D,A,28,D,TM2_5_4,TM2_5,TM2,5,4,7/26/23,NA
A,A_29_C,A,29,C,CP2_7_8,CP2_7,CP2,7,8,7/26/23,NA
A,A_29_D,A,29,D,YO8_5_3,YO8_5,YO8,5,3,7/26/23,NA
A,A_30_C,A,30,C,FR_2_2,FR_2,FR,2,2,7/26/23,NA
A,A_31_C,A,31,C,YO7_6_17,YO7_6,YO7,6,17,7/26/23,NA
A,A_31_D,A,31,D,IH_1_3,IH_1,IH,1,3,7/26/23,NA
B,A_32_C,A,32,C,SC_5_4,SC_5,SC,5,4,8/2/23,NA
B,A_32_D,A,32,D,YO8_5_4,YO8_5,YO8,5,4,7/26/23,NA
B,A_33_C,A,33,C,SQ1_14_10,SQ1_14,SQ1,14,10,7/26/23,NA
B,A_33_D,A,33,D,CP3_2_4,CP3_2,CP3,2,4,NA,9/20- powdery mildew 9/27-leaves gone
B,A_34_C,A,34,C,DPR_1_14,DPR_1,DPR,1,14,8/23/23,8/16-yellow droopy
B,A_34_D,A,34,D,SQ2_6_10,SQ2_6,SQ2,6,10,7/26/23,NA
B,A_35_C,A,35,C,CP2_4_2,CP2_4,CP2,4,2,8/2/23,NA
B,A_35_D,A,35,D,CP3_7_13,CP3_7,CP3,7,13,7/26/23,NA
B,A_36_C,A,36,C,SC_2_4,SC_2,SC,2,4,NA,NA
B,A_36_D,A,36,D,LV1_3_3,LV1_3,LV1,3,3,7/26/23,NA
B,A_37_C,A,37,C,WL1_9_3,WL1_9,WL1,9,3,8/2/23,NA
B,A_37_D,A,37,D,BH_1_4,BH_1,BH,1,4,NA,NA
B,A_38_C,A,38,C,CP3_6_10,CP3_6,CP3,6,10,8/9/23,NA
B,A_38_D,A,38,D,LVTR1_5_6,LVTR1_5,LVTR1,5,6,7/26/23,NA
B,A_39_C,A,39,C,WL2_1_10,WL2_1,WL2,1,10,8/2/23,NA
B,A_39_D,A,39,D,LV1_4_3,LV1_4,LV1,4,3,7/26/23,NA
B,A_40_C,A,40,C,YO7_6_13,YO7_6,YO7,6,13,8/2/23,NA
B,A_40_D,A,40,D,WL2_2_10,WL2_2,WL2,2,10,NA,NA
B,A_41_C,A,41,C,TM2_7_9,TM2_7,TM2,7,9,8/2/23,NA
B,A_41_D,A,41,D,LV3_5_13,LV3_5,LV3,5,13,7/26/23,8/2-pick present not marked
B,A_43_C,A,43,C,CP2_2_2,CP2_2,CP2,2,2,7/26/23,NA
B,A_43_D,A,43,D,FR_5_10,FR_5,FR,5,10,10/20/23,9/20 - no leaves Stem turgid
B,A_44_C,A,44,C,TM2_6_3,TM2_6,TM2,6,3,NA,NA
B,A_44_D,A,44,D,BH_6_4,BH_6,BH,6,4,NA,NA
B,A_45_C,A,45,C,YO4_2_5,YO4_2,YO4,2,5,7/26/23,NA
B,A_45_D,A,45,D,SC_4_4,SC_4,SC,4,4,NA,NA
B,A_46_C,A,46,C,CP3_1_9,CP3_1,CP3,1,9,8/2/23,NA
B,A_46_D,A,46,D,SQ1_5_10,SQ1_5,SQ1,5,10,NA,NA
B,A_47_C,A,47,C,LVTR1_8_24,LVTR1_8,LVTR1,8,24,9/13/23,8/30-stem turgid no leaves
B,A_47_D,A,47,D,CC_1_4,CC_1,CC,1,4,8/2/23,NA
B,A_48_C,A,48,C,CP2_3_14,CP2_3,CP2,3,14,10/13/23,9/30-stem turgid no leaves
B,A_48_D,A,48,D,CC_8_4,CC_8,CC,8,4,NA,NA
B,A_49_C,A,49,C,CC_9_4,CC_9,CC,9,4,NA,NA
B,A_49_D,A,49,D,CP2_1_2,CP2_1,CP2,1,2,9/20/23,8/30 - stem turgid no leaves
B,A_50_C,A,50,C,SQ2_4_13,SQ2_4,SQ2,4,13,8/2/23,NA
B,A_50_D,A,50,D,IH_6_4,IH_6,IH,6,4,NA,NA
B,A_51_C,A,51,C,SQ2_1_8,SQ2_1,SQ2,1,8,8/2/23,NA
B,A_51_D,A,51,D,SC_6_4,SC_6,SC,6,4,7/26/23,NA
B,A_52_C,A,52,C,YO11_8_10,YO11_8,YO11,8,10,9/27/23,9/20- top leaves dead. New leaves spouting at base
B,A_52_D,A,52,D,YO8_4_5,YO8_4,YO8,4,5,9/20/23,8/30-stem turgid no leaves
B,A_53_C,A,53,C,YO4_6_11,YO4_6,YO4,6,11,10/20/23,9/13 stem turgid no leaves
B,A_53_D,A,53,D,WR_2_23,WR_2,WR,2,23,7/26/23,NA
B,A_54_C,A,54,C,LV1_1_3,LV1_1,LV1,1,3,8/9/23,NA
B,A_54_D,A,54,D,YO11_5_10,YO11_5,YO11,5,10,8/30/23,NA
B,A_55_C,A,55,C,YO7_5_12,YO7_5,YO7,5,12,7/26/23,NA
B,A_55_D,A,55,D,YO4_3_7,YO4_3,YO4,3,7,8/9/23,NA
B,A_56_C,A,56,C,IH_1_4,IH_1,IH,1,4,NA,NA
B,A_56_D,A,56,D,CC_3_4,CC_3,CC,3,4,NA,NA
B,A_57_C,A,57,C,CC_5_4,CC_5,CC,5,4,NA,NA
B,A_57_D,A,57,D,YO11_4_13,YO11_4,YO11,4,13,NA,NA
B,A_58_C,A,58,C,LVTR1_8_5,LVTR1_8,LVTR1,8,5,8/9/23,NA
B,A_58_D,A,58,D,YO7_7_13,YO7_7,YO7,7,13,NA,NA
D,B_4_A,B,4,A,CP3_6_12,CP3_6,CP3,6,12,7/26/23,NA
D,B_4_B,B,4,B,BH_5_6,BH_5,BH,5,6,7/26/23,NA
D,B_5_A,B,5,A,DPR_6_5,DPR_6,DPR,6,5,7/26/23,NA
D,B_5_B,B,5,B,SC_2_6,SC_2,SC,2,6,7/26/23,NA
D,B_6_A,B,6,A,SQ2_8_12,SQ2_8,SQ2,8,12,7/26/23,NA
D,B_6_B,B,6,B,WL2_6_12,WL2_6,WL2,6,12,7/26/23,NA
D,B_7_A,B,7,A,LV3_5_2,LV3_5,LV3,5,2,7/26/23,NA
D,B_7_B,B,7,B,FR_6_11,FR_6,FR,6,11,7/26/23,NA
D,B_8_A,B,8,A,YO7_7_2,YO7_7,YO7,7,2,7/26/23,NA
D,B_8_B,B,8,B,TM2_2_8,TM2_2,TM2,2,8,7/26/23,NA
D,B_9_A,B,9,A,SC_4_6,SC_4,SC,4,6,7/26/23,NA
D,B_9_B,B,9,B,YO8_2_2,YO8_2,YO8,2,2,7/26/23,NA
D,B_10_A,B,10,A,CP2_4_4,CP2_4,CP2,4,4,7/26/23,NA
D,B_10_B,B,10,B,YO8_8_6,YO8_8,YO8,8,6,7/26/23,NA
D,B_11_A,B,11,A,SC_8_14,SC_8,SC,8,14,8/2/23,NA
D,B_11_B,B,11,B,TM2_1_5,TM2_1,TM2,1,5,7/26/23,NA
D,B_12_A,B,12,A,SC_2_17,SC_2,SC,2,17,7/26/23,NA
D,B_12_B,B,12,B,YO11_8_12,YO11_8,YO11,8,12,7/26/23,NA
D,B_13_A,B,13,A,YO11_7_12,YO11_7,YO11,7,12,7/26/23,NA
D,B_13_B,B,13,B,SQ1_6_8,SQ1_6,SQ1,6,8,7/26/23,NA
D,B_14_A,B,14,A,WL2_5_12,WL2_5,WL2,5,12,8/2/23,NA
D,B_14_B,B,14,B,YO11_6_12,YO11_6,YO11,6,12,7/26/23,NA
D,B_15_A,B,15,A,YO7_7_20,YO7_7,YO7,7,20,7/26/23,NA
D,B_15_B,B,15,B,YO11_1_12,YO11_1,YO11,1,12,7/26/23,NA
D,B_16_A,B,16,A,DPR_3_11,DPR_3,DPR,3,11,7/26/23,NA
D,B_16_B,B,16,B,LV1_8_5,LV1_8,LV1,8,5,8/2/23,NA
D,B_17_A,B,17,A,IH_3_6,IH_3,IH,3,6,NA,NA
D,B_17_B,B,17,B,YO7_4_9,YO7_4,YO7,4,9,7/26/23,NA
D,B_18_A,B,18,A,LVTR1_2_4,LVTR1_2,LVTR1,2,4,7/26/23,NA
D,B_18_B,B,18,B,LV1_2_5,LV1_2,LV1,2,5,7/26/23,NA
D,B_19_A,B,19,A,LVTR1_6_4,LVTR1_6,LVTR1,6,4,7/26/23,NA
D,B_19_B,B,19,B,FR_7_6,FR_7,FR,7,6,7/26/23,NA
D,B_20_A,B,20,A,WL2_7_12,WL2_7,WL2,7,12,7/26/23,NA
D,B_20_B,B,20,B,WL2_8_12,WL2_8,WL2,8,12,7/26/23,NA
D,B_21_A,B,21,A,WL2_1_12,WL2_1,WL2,1,12,7/26/23,NA
D,B_21_B,B,21,B,LV1_5_5,LV1_5,LV1,5,5,7/26/23,NA
C,B_22_A,B,22,A,IH_3_5,IH_3,IH,3,5,NA,NA
C,B_22_B,B,22,B,IH_4_5,IH_4,IH,4,5,7/26/23,NA
C,B_23_A,B,23,A,CC_9_5,CC_9,CC,9,5,7/26/23,NA
C,B_23_B,B,23,B,YO11_3_5,YO11_3,YO11,3,5,7/26/23,NA
C,B_24_A,B,24,A,CP3_4_14,CP3_4,CP3,4,14,7/26/23,NA
C,B_24_B,B,24,B,WL1_4_1,WL1_4,WL1,4,1,10/20/23,9/27 - leaves dead Stem turgid
C,B_25_A,B,25,A,IH_6_5,IH_6,IH,6,5,NA,NA
C,B_25_B,B,25,B,CP3_5_11,CP3_5,CP3,5,11,7/26/23,NA
C,B_26_A,B,26,A,YO8_8_5,YO8_8,YO8,8,5,8/2/23,NA
C,B_26_B,B,26,B,TM2_5_9,TM2_5,TM2,5,9,8/2/23,NA
C,B_27_A,B,27,A,SQ3_1_9,SQ3_1,SQ3,1,9,7/26/23,NA
C,B_27_B,B,27,B,SQ2_8_11,SQ2_8,SQ2,8,11,8/9/23,NA
C,B_28_A,B,28,A,CC_5_5,CC_5,CC,5,5,7/26/23,NA
C,B_28_B,B,28,B,TM2_2_1,TM2_2,TM2,2,1,7/26/23,NA
C,B_29_A,B,29,A,CP2_7_10,CP2_7,CP2,7,10,8/9/23,NA
C,B_29_B,B,29,B,WL2_6_11,WL2_6,WL2,6,11,10/20/23,9/27-heavy herbivory
C,B_30_A,B,30,A,DPR_1_10,DPR_1,DPR,1,10,8/9/23,NA
C,B_30_B,B,30,B,SC_2_5,SC_2,SC,2,5,8/2/23,NA
C,B_31_A,B,31,A,FR_2_9,FR_2,FR,2,9,7/26/23,NA
C,B_31_B,B,31,B,SC_8_5,SC_8,SC,8,5,8/9/23,NA
C,B_32_A,B,32,A,IH_4_5,IH_4,IH,4,5,NA,no plant or tag
C,B_32_B,B,32,B,SQ3_6_5,SQ3_6,SQ3,6,5,NA,9/27- leaves dead stem turgid
C,B_33_A,B,33,A,WL2_5_11,WL2_5,WL2,5,11,NA,9/13 no leaves
C,B_33_B,B,33,B,BH_6_5,BH_6,BH,6,5,8/2/23,NA
C,B_34_A,B,34,A,CP2_5_3,CP2_5,CP2,5,3,10/20/23,9/13-heavy herbivory no leaves
C,B_34_B,B,34,B,YO11_7_11,YO11_7,YO11,7,11,7/26/23,NA
C,B_35_B,B,35,B,WL1_7_7,WL1_7,WL1,7,7,NA,8/16 fungus
C,B_36_A,B,36,A,TM2_3_9,TM2_3,TM2,3,9,7/26/23,NA
C,B_36_B,B,36,B,CP2_3_3,CP2_3,CP2,3,3,NA,9/13-heavy herbivory 9/20-no leaves
C,B_37_A,B,37,A,TM2_1_16,TM2_1,TM2,1,16,NA,9/20- powdery mildew
C,B_37_B,B,37,B,YO8_6_14,YO8_6,YO8,6,14,NA,8/30 - heavy herbivory 8/16 - fungus 9/20- no leaves
C,B_38_A,B,38,A,FR_4_4,FR_4,FR,4,4,7/26/23,NA
C,B_38_B,B,38,B,SQ1_14_2,SQ1_14,SQ1,14,2,NA,8/16 fungus
C,B_39_A,B,39,A,CC_8_5,CC_8,CC,8,5,8/2/23,8/16-stem turgid no leaves
C,B_39_B,B,39,B,CP3_6_11,CP3_6,CP3,6,11,7/26/23,NA
C,B_40_A,B,40,A,WL2_2_11,WL2_2,WL2,2,11,NA,9/13 -heavy herbivory
C,B_40_B,B,40,B,LV1_8_4,LV1_8,LV1,8,4,8/2/23,NA
C,B_41_A,B,41,A,SC_4_5,SC_4,SC,4,5,NA,NA
C,B_41_B,B,41,B,CP3_2_12,CP3_2,CP3,2,12,9/20/23,9/13-heavy herbivory no leaves
C,B_42_A,B,42,A,BH_2_5,BH_2,BH,2,5,NA,NA
C,B_42_B,B,42,B,LV3_5_1,LV3_5,LV3,5,1,8/9/23,NA
C,B_43_A,B,43,A,BH_5_5,BH_5,BH,5,5,NA,NA
C,B_43_B,B,43,B,LVTR1_2_3,LVTR1_2,LVTR1,2,3,9/20/23,8/30-stem turgid no leaves
C,B_44_A,B,44,A,WL2_7_11,WL2_7,WL2,7,11,NA,9/27-powdery mildew no leaves 9/13-heavy herbivory
C,B_44_B,B,44,B,LV1_2_4,LV1_2,LV1,2,4,8/2/23,NA
C,B_45_A,B,45,A,YO8_6_5,YO8_6,YO8,6,5,7/26/23,NA
C,B_45_B,B,45,B,YO11_8_17,YO11_8,YO11,8,17,7/26/23,NA
C,B_46_A,B,46,A,WL1_4_10,WL1_4,WL1,4,10,10/20/23,9/13-heavy herbivory 9/27-no leaves
C,B_46_B,B,46,B,DPR_7_6,DPR_7,DPR,7,6,NA,9/27 -heavy herbivory
C,B_47_A,B,47,A,SC_2_16,SC_2,SC,2,16,NA,NA
C,B_47_B,B,47,B,LV1_5_4,LV1_5,LV1,5,4,8/30/23,NA
C,B_48_A,B,48,A,YO4_2_15,YO4_2,YO4,2,15,8/2/23,NA
C,B_48_B,B,48,B,LV1_6_4,LV1_6,LV1,6,4,7/26/23,NA
C,B_49_A,B,49,A,FR_7_5,FR_7,FR,7,5,10/20/23,9/13-heavy herbivory 9/27- no leaves
C,B_49_B,B,49,B,WR_1_2,WR_1,WR,1,2,7/26/23,NA
C,B_50_A,B,50,A,SC_5_5,SC_5,SC,5,5,NA,NA
C,B_50_B,B,50,B,CC_1_5,CC_1,CC,1,5,NA,NA
C,B_51_A,B,51,A,YO11_8_11,YO11_8,YO11,8,11,8/2/23,NA
C,B_51_B,B,51,B,CC_2_5,CC_2,CC,2,5,8/9/23,NA
C,B_52_A,B,52,A,DPR_8_1,DPR_8,DPR,8,1,NA,NA
C,B_52_B,B,52,B,YO11_1_11,YO11_1,YO11,1,11,7/26/23,NA
B,B_56_A,B,56,A,SC_6_15,SC_6,SC,6,15,NA,NA
B,B_57_A,B,57,A,IH_4_4,IH_4,IH,4,4,NA,NA
B,B_57_B,B,57,B,DPR_8_13,DPR_8,DPR,8,13,8/2/23,NA
B,B_58_A,B,58,A,YO8_8_4,YO8_8,YO8,8,4,7/26/23,NA
B,B_58_B,B,58,B,DPR_6_3,DPR_6,DPR,6,3,7/26/23,NA
B,B_59_A,B,59,A,YO8_3_13,YO8_3,YO8,3,13,9/20/23,9/13-stem turgid no leaves
B,B_59_B,B,59,B,DPR_3_9,DPR_3,DPR,3,9,7/26/23,NA
D,B_4_C,B,4,C,TM2_7_16,TM2_7,TM2,7,16,7/26/23,NA
D,B_4_D,B,4,D,SQ3_3_6,SQ3_3,SQ3,3,6,7/26/23,NA
D,B_5_C,B,5,C,BH_2_6,BH_2,BH,2,6,7/26/23,NA
D,B_5_D,B,5,D,LV3_2_3,LV3_2,LV3,2,3,7/26/23,NA
D,B_6_C,B,6,C,BH_1_6,BH_1,BH,1,6,7/26/23,NA
D,B_6_D,B,6,D,WL1_2_3,WL1_2,WL1,2,3,7/26/23,NA
D,B_7_C,B,7,C,CP2_2_4,CP2_2,CP2,2,4,7/26/23,NA
D,B_7_D,B,7,D,BH_4_6,BH_4,BH,4,6,7/26/23,NA
D,B_8_C,B,8,C,YO8_1_2,YO8_1,YO8,1,2,7/26/23,NA
D,B_8_D,B,8,D,DPR_8_2,DPR_8,DPR,8,2,8/2/23,NA
D,B_9_C,B,9,C,FR_4_5,FR_4,FR,4,5,7/26/23,NA
D,B_9_D,B,9,D,IH_5_6,IH_5,IH,5,6,7/26/23,NA
D,B_10_C,B,10,C,CP2_3_4,CP2_3,CP2,3,4,8/2/23,NA
D,B_10_D,B,10,D,FR_1_2,FR_1,FR,1,2,7/26/23,NA
D,B_11_C,B,11,C,SQ1_3_1,SQ1_3,SQ1,3,1,7/26/23,NA
D,B_11_D,B,11,D,YO8_2_14,YO8_2,YO8,2,14,7/26/23,NA
D,B_12_C,B,12,C,WL2_3_12,WL2_3,WL2,3,12,NA,alive 10/13/23. marked dead 7/26 then 8/23-resprouted 9/20- marked dead again
D,B_12_D,B,12,D,TM2_5_1,TM2_5,TM2,5,1,7/26/23,NA
D,B_13_C,B,13,C,LV1_4_5,LV1_4,LV1,4,5,7/26/23,NA
D,B_13_D,B,13,D,LVTR1_5_8,LVTR1_5,LVTR1,5,8,7/26/23,NA
D,B_14_C,B,14,C,SQ2_4_10,SQ2_4,SQ2,4,10,7/26/23,NA
D,B_14_D,B,14,D,CP3_2_10,CP3_2,CP3,2,10,8/2/23,NA
D,B_15_C,B,15,C,LV1_6_5,LV1_6,LV1,6,5,7/26/23,NA
D,B_15_D,B,15,D,SQ2_6_12,SQ2_6,SQ2,6,12,7/26/23,NA
D,B_16_C,B,16,C,CP2_1_14,CP2_1,CP2,1,14,7/26/23,NA
D,B_16_D,B,16,D,YO8_5_6,YO8_5,YO8,5,6,7/26/23,NA
D,B_17_C,B,17,C,SQ3_5_1,SQ3_5,SQ3,5,1,7/26/23,NA
D,B_17_D,B,17,D,YO7_1_1,YO7_1,YO7,1,1,7/26/23,NA
D,B_18_C,B,18,C,CC_5_6,CC_5,CC,5,6,7/26/23,NA
D,B_18_D,B,18,D,CP3_4_12,CP3_4,CP3,4,12,9/20/23,9/13-wilting
D,B_19_C,B,19,C,YO4_2_7,YO4_2,YO4,2,7,7/26/23,NA
D,B_19_D,B,19,D,CC_2_6,CC_2,CC,2,6,NA,NA
D,B_20_C,B,20,C,IH_7_6,IH_7,IH,7,6,NA,NA
D,B_20_D,B,20,D,BH_6_6,BH_6,BH,6,6,NA,9/27-stem Partially broken -leaves alive
D,B_21_C,B,21,C,CC_8_6,CC_8,CC,8,6,8/23/23,8/16-yellow. floppy
D,B_21_D,B,21,D,CP2_1_4,CP2_1,CP2,1,4,10/20/23,9/20 - no leaves 9/13-heavy herbivory
C,B_23_C,B,23,C,CP2_4_3,CP2_4,CP2,4,3,7/26/23,NA
C,B_24_C,B,24,C,YO8_2_1,YO8_2,YO8,2,1,7/26/23,NA
C,B_24_D,B,24,D,LV1_1_4,LV1_1,LV1,1,4,7/26/23,NA
C,B_25_C,B,25,C,LVTR1_8_2,LVTR1_8,LVTR1,8,2,7/26/23,NA
C,B_25_D,B,25,D,LVTR1_7_16,LVTR1_7,LVTR1,7,16,7/26/23,NA
C,B_26_C,B,26,C,IH_5_5,IH_5,IH,5,5,NA,10/20 Aphids
C,B_26_D,B,26,D,DPR_3_10,DPR_3,DPR,3,10,7/26/23,NA
C,B_27_C,B,27,C,DPR_4_10,DPR_4,DPR,4,10,8/2/23,NA
C,B_27_D,B,27,D,DPR_6_16,DPR_6,DPR,6,16,8/2/23,NA
C,B_28_C,B,28,C,BH_4_5,BH_4,BH,4,5,NA,10/20 Aphids
C,B_28_D,B,28,D,SQ1_2_2,SQ1_2,SQ1,2,2,8/2/23,NA
C,B_29_C,B,29,C,WL2_8_11,WL2_8,WL2,8,11,8/2/23,NA
C,B_29_D,B,29,D,LV3_7_5,LV3_7,LV3,7,5,8/2/23,NA
C,B_30_C,B,30,C,CC_4_5,CC_4,CC,4,5,7/26/23,NA
C,B_30_D,B,30,D,SQ2_1_4,SQ2_1,SQ2,1,4,8/2/23,NA
C,B_31_C,B,31,C,CP2_6_11,CP2_6,CP2,6,11,7/26/23,NA
C,B_31_D,B,31,D,CP3_4_11,CP3_4,CP3,4,11,NA,9/13 heavy herbirory 9/27-new leaves sprouting
C,B_32_C,B,32,C,SQ2_6_19,SQ2_6,SQ2,6,19,7/26/23,NA
C,B_32_D,B,32,D,YO11_5_11,YO11_5,YO11,5,11,9/20/23,9/6 no leaves stem turgid
C,B_33_C,B,33,C,YO7_6_1,YO7_6,YO7,6,1,7/26/23,NA
C,B_33_D,B,33,D,YO4_1_1,YO4_1,YO4,1,1,NA,9/13 -no leaves stem turgid
C,B_34_C,B,34,C,YO8_5_5,YO8_5,YO8,5,5,8/2/23,NA
C,B_34_D,B,34,D,SC_5_16,SC_5,SC,5,16,8/2/23,NA
C,B_35_C,B,35,C,CP2_1_3,CP2_1,CP2,1,3,8/2/23,NA
C,B_35_D,B,35,D,DPR_6_4,DPR_6,DPR,6,4,8/2/23,NA
C,B_36_C,B,36,C,YO8_1_1,YO8_1,YO8,1,1,7/26/23,NA
C,B_36_D,B,36,D,TM2_1_4,TM2_1,TM2,1,4,NA,9/20 - fruits dead still budding
C,B_37_C,B,37,C,LVTR1_4_1,LVTR1_4,LVTR1,4,1,7/26/23,NA
C,B_37_D,B,37,D,WL2_3_11,WL2_3,WL2,3,11,8/2/23,NA
C,B_38_C,B,38,C,LVTR1_7_3,LVTR1_7,LVTR1,7,3,7/26/23,NA
C,B_38_D,B,38,D,LVTR1_8_6,LVTR1_8,LVTR1,8,6,8/2/23,NA
C,B_39_C,B,39,C,CP2_2_3,CP2_2,CP2,2,3,8/2/23,NA
C,B_39_D,B,39,D,YO4_2_6,YO4_2,YO4,2,6,7/26/23,NA
C,B_40_C,B,40,C,CC_3_5,CC_3,CC,3,5,8/30/23,NA
C,B_40_D,B,40,D,BH_3_5,BH_3,BH,3,5,7/26/23,NA
C,B_41_C,B,41,C,YO7_7_1,YO7_7,YO7,7,1,NA,NA
C,B_41_D,B,41,D,IH_2_5,IH_2,IH,2,5,8/2/23,NA
C,B_42_C,B,42,C,LV1_3_4,LV1_3,LV1,3,4,8/2/23,NA
C,B_42_D,B,42,D,YO8_3_1,YO8_3,YO8,3,1,10/20/23,9/13 no leaves stem turgid
C,B_43_C,B,43,C,YO11_6_11,YO11_6,YO11,6,11,9/13/23,8/30 - stem turgid. no leaves
C,B_43_D,B,43,D,TM2_7_10,TM2_7,TM2,7,10,NA,NA
C,B_44_C,B,44,C,SQ3_4_11,SQ3_4,SQ3,4,11,8/2/23,NA
C,B_44_D,B,44,D,IH_7_5,IH_7,IH,7,5,7/26/23,NA
C,B_45_C,B,45,C,WL2_1_11,WL2_1,WL2,1,11,NA,NA
C,B_45_D,B,45,D,CP3_1_10,CP3_1,CP3,1,10,7/26/23,NA
C,B_46_C,B,46,C,SC_6_5,SC_6,SC,6,5,NA,NA
C,B_46_D,B,46,D,BH_1_5,BH_1,BH,1,5,8/9/23,NA
C,B_47_C,B,47,C,YO7_4_6,YO7_4,YO7,4,6,NA,NA
C,B_47_D,B,47,D,BH_7_5,BH_7,BH,7,5,NA,NA
C,B_48_C,B,48,C,LVTR1_5_13,LVTR1_5,LVTR1,5,13,8/2/23,NA
C,B_48_D,B,48,D,IH_1_5,IH_1,IH,1,5,NA,NA
C,B_49_C,B,49,C,YO7_5_17,YO7_5,YO7,5,17,NA,NA
C,B_49_D,B,49,D,YO7_7_19,YO7_7,YO7,7,19,7/26/23,NA
C,B_50_C,B,50,C,SQ2_6_11,SQ2_6,SQ2,6,11,7/26/23,NA
C,B_50_D,B,50,D,YO7_1_8,YO7_1,YO7,1,8,8/2/23,NA
C,B_51_C,B,51,C,CP3_3_11,CP3_3,CP3,3,11,8/2/23,NA
C,B_51_D,B,51,D,LV1_4_4,LV1_4,LV1,4,4,7/26/23,NA
C,B_52_C,B,52,C,YO4_4_9,YO4_4,YO4,4,9,7/26/23,NA
C,B_52_D,B,52,D,SQ2_13_13,SQ2_13,SQ2,13,13,7/26/23,NA
B,B_56_C,B,56,C,TM2_1_3,TM2_1,TM2,1,3,NA,NA
B,B_56_D,B,56,D,SQ1_2_1,SQ1_2,SQ1,2,1,NA,9/13 heavy herbivory
B,B_57_C,B,57,C,LVTR1_8_19,LVTR1_8,LVTR1,8,19,8/2/23,NA
B,B_57_D,B,57,D,BH_2_4,BH_2,BH,2,4,NA,NA
B,B_58_C,B,58,C,YO7_3_4,YO7_3,YO7,3,4,7/26/23,NA
B,B_58_D,B,58,D,WL2_6_10,WL2_6,WL2,6,10,8/9/23,NA
B,B_59_C,B,59,C,IH_5_4,IH_5,IH,5,4,7/26/23,NA
B,B_59_D,B,59,D,SC_2_21,SC_2,SC,2,21,7/26/23,NA
D,C_2_B,C,2,B,CP3_5_12,CP3_5,CP3,5,12,7/26/23,NA
D,C_3_A,C,3,A,SQ3_6_7,SQ3_6,SQ3,6,7,8/2/23,NA
D,C_3_B,C,3,B,DPR_6_14,DPR_6,DPR,6,14,7/26/23,NA
D,C_4_A,C,4,A,YO7_6_2,YO7_6,YO7,6,2,7/26/23,NA
D,C_4_B,C,4,B,IH_2_6,IH_2,IH,2,6,8/30/23,8/23-leaves yellow. droopy
D,C_5_A,C,5,A,TM2_5_3,TM2_5,TM2,5,3,7/26/23,NA
D,C_5_B,C,5,B,LV1_3_5,LV1_3,LV1,3,5,7/26/23,NA
D,C_6_A,C,6,A,CC_1_6,CC_1,CC,1,6,NA,NA
D,C_6_B,C,6,B,YO4_1_3,YO4_1,YO4,1,3,7/26/23,NA
D,C_7_A,C,7,A,LVTR1_8_7,LVTR1_8,LVTR1,8,7,7/26/23,NA
D,C_7_B,C,7,B,LV1_1_5,LV1_1,LV1,1,5,7/26/23,NA
D,C_8_A,C,8,A,IH_4_6,IH_4,IH,4,6,7/26/23,NA
D,C_8_B,C,8,B,LVTR1_3_1,LVTR1_3,LVTR1,3,1,7/26/23,NA
D,C_9_B,C,9,B,WL2_2_12,WL2_2,WL2,2,12,7/26/23,NA
D,C_10_A,C,10,A,WR_2_10,WR_2,WR,2,10,7/26/23,NA
D,C_10_B,C,10,B,IH_1_6,IH_1,IH,1,6,7/26/23,NA
D,C_11_A,C,11,A,LVTR1_8_14,LVTR1_8,LVTR1,8,14,7/26/23,NA
D,C_11_B,C,11,B,CC_4_6,CC_4,CC,4,6,7/26/23,NA
D,C_12_A,C,12,A,CP3_1_11,CP3_1,CP3,1,11,7/26/23,NA
D,C_12_B,C,12,B,CP3_3_12,CP3_3,CP3,3,12,7/26/23,NA
D,C_13_A,C,13,A,YO7_5_1,YO7_5,YO7,5,1,7/26/23,NA
D,C_13_B,C,13,B,SC_8_6,SC_8,SC,8,6,NA,NA
D,C_14_A,C,14,A,TM2_7_11,TM2_7,TM2,7,11,7/26/23,NA
D,C_14_B,C,14,B,SQ2_6_16,SQ2_6,SQ2,6,16,7/26/23,NA
D,C_15_A,C,15,A,IH_6_6,IH_6,IH,6,6,7/26/23,NA
D,C_16_A,C,16,A,YO7_4_4,YO7_4,YO7,4,4,7/26/23,NA
D,C_16_B,C,16,B,CP2_2_5,CP2_2,CP2,2,5,8/2/23,NA
E,C_19_A,C,19,A,IH_7_7,IH_7,IH,7,7,NA,NA
E,C_19_B,C,19,B,LV3_5_3,LV3_5,LV3,5,3,8/2/23,NA
E,C_20_A,C,20,A,CP3_5_13,CP3_5,CP3,5,13,8/2/23,NA
E,C_20_B,C,20,B,YO11_5_13,YO11_5,YO11,5,13,7/26/23,NA
E,C_21_A,C,21,A,YO8_3_3,YO8_3,YO8,3,3,7/26/23,NA
E,C_21_B,C,21,B,CP2_1_5,CP2_1,CP2,1,5,10/13/23,9/13 turgid no leaves
E,C_22_A,C,22,A,CP3_3_13,CP3_3,CP3,3,13,7/26/23,NA
E,C_22_B,C,22,B,BH_6_7,BH_6,BH,6,7,NA,NA
E,C_23_A,C,23,A,BH_3_7,BH_3,BH,3,7,NA,NA
E,C_23_B,C,23,B,YO8_1_3,YO8_1,YO8,1,3,7/26/23,NA
E,C_24_A,C,24,A,TM2_7_14,TM2_7,TM2,7,14,7/26/23,NA
E,C_24_B,C,24,B,WL2_1_13,WL2_1,WL2,1,13,NA,9/20-heavy herbivory 9/27 no leaves
E,C_25_A,C,25,A,CP3_1_15,CP3_1,CP3,1,15,7/26/23,NA
E,C_25_B,C,25,B,CC_4_7,CC_4,CC,4,7,NA,NA
E,C_26_A,C,26,A,BH_5_7,BH_5,BH,5,7,NA,NA
E,C_26_B,C,26,B,CP3_2_6,CP3_2,CP3,2,6,7/26/23,NA
E,C_27_A,C,27,A,LVTR1_2_5,LVTR1_2,LVTR1,2,5,7/26/23,NA
E,C_27_B,C,27,B,BH_2_7,BH_2,BH,2,7,8/2/23,NA
E,C_28_A,C,28,A,YO7_7_14,YO7_7,YO7,7,14,NA,9/13 - stem turgid no leaves
E,C_28_B,C,28,B,IH_1_7,IH_1,IH,1,7,NA,NA
E,C_29_A,C,29,A,DPR_6_21,DPR_6,DPR,6,21,NA,NA
E,C_29_B,C,29,B,LVTR1_7_5,LVTR1_7,LVTR1,7,5,10/20/23,9/6-no leaves
E,C_30_A,C,30,A,WL2_2_13,WL2_2,WL2,2,13,10/20/23,9/27 resprouting 9/6-no leaves 8/30-heavy herbivory
E,C_30_B,C,30,B,LV1_6_6,LV1_6,LV1,6,6,9/27/23,9/6-no leaves 8/30 - heavy herbivory
E,C_31_A,C,31,A,CP3_1_12,CP3_1,CP3,1,12,9/27/23,8/30 heavy herbivory 9/6 resprouting
E,C_31_B,C,31,B,WL1_3_4,WL1_3,WL1,3,4,9/27/23,9/6-no leaves
E,C_32_A,C,32,A,LVTR1_5_2,LVTR1_5,LVTR1,5,2,7/26/23,NA
E,C_32_B,C,32,B,SC_2_7,SC_2,SC,2,7,8/9/23,8/16-pick present no date
E,C_33_B,C,33,B,LV1_4_6,LV1_4,LV1,4,6,10/13/23,8/23-no leaves. stem turgid
E,C_34_A,C,34,A,SQ2_4_9,SQ2_4,SQ2,4,9,9/20/23,9/6-no leaves
E,C_34_B,C,34,B,YO8_6_7,YO8_6,YO8,6,7,9/13/23,NA
E,C_35_A,C,35,A,LVTR1_6_15,LVTR1_6,LVTR1,6,15,7/26/23,NA
E,C_35_B,C,35,B,SC_5_7,SC_5,SC,5,7,NA,NA
E,C_36_A,C,36,A,SQ1_14_7,SQ1_14,SQ1,14,7,10/13/23,9/27-no leaves 8/30-heavy herbivory
E,C_36_B,C,36,B,SC_2_19,SC_2,SC,2,19,NA,NA
E,C_37_A,C,37,A,FR_5_2,FR_5,FR,5,2,7/26/23,NA
E,C_37_B,C,37,B,YO4_3_9,YO4_3,YO4,3,9,9/27/23,9/20 - no leaves Stem turgid
E,C_38_A,C,38,A,IH_3_7,IH_3,IH,3,7,NA,NA
E,C_38_B,C,38,B,SQ2_6_13,SQ2_6,SQ2,6,13,10/13/23,9/20 no leaves stem turgid
E,C_39_A,C,39,A,CP3_4_13,CP3_4,CP3,4,13,7/26/23,NA
E,C_39_B,C,39,B,SQ2_8_13,SQ2_8,SQ2,8,13,8/9/23,NA
E,C_40_A,C,40,A,CC_5_7,CC_5,CC,5,7,NA,NA
E,C_40_B,C,40,B,BH_1_7,BH_1,BH,1,7,NA,NA
E,C_41_A,C,41,A,CP2_7_12,CP2_7,CP2,7,12,8/9/23,NA
E,C_41_B,C,41,B,DPR_1_12,DPR_1,DPR,1,12,7/26/23,NA
E,C_42_A,C,42,A,SQ2_6_17,SQ2_6,SQ2,6,17,9/27/23,9/13-stem turgid no leaves
E,C_42_B,C,42,B,SQ3_2_3,SQ3_2,SQ3,2,3,7/26/23,NA
E,C_43_A,C,43,A,WL2_3_13,WL2_3,WL2,3,13,NA,9/20-top leaves dead resprout at bottom
E,C_43_B,C,43,B,YO11_4_12,YO11_4,YO11,4,12,7/26/23,NA
E,C_44_A,C,44,A,WL2_5_13,WL2_5,WL2,5,13,8/2/23,NA
E,C_44_B,C,44,B,DPR_3_12,DPR_3,DPR,3,12,7/26/23,NA
E,C_45_A,C,45,A,BH_7_7,BH_7,BH,7,7,NA,NA
E,C_45_B,C,45,B,CC_9_7,CC_9,CC,9,7,8/23/23,8/16-stem turgid leaves yellow. marked dead 8/9/23
E,C_46_A,C,46,A,LV1_1_6,LV1_1,LV1,1,6,8/30/23,8/16-leaves yellow droopy 8/23-no leaves stem turgid
E,C_46_B,C,46,B,CP2_5_5,CP2_5,CP2,5,5,10/20/23,9/13 - powdery mildew 9/27- leaves dead stem turgid
E,C_47_A,C,47,A,YO7_6_3,YO7_6,YO7,6,3,NA,NA
E,C_47_B,C,47,B,IH_2_7,IH_2,IH,2,7,NA,NA
E,C_48_A,C,48,A,CP2_4_5,CP2_4,CP2,4,5,9/20/23,9/13- Stem turgid no leaves
E,C_48_B,C,48,B,YO8_2_3,YO8_2,YO8,2,3,7/26/23,NA
E,C_49_A,C,49,A,YO4_5_6,YO4_5,YO4,5,6,7/26/23,NA
F,C_50_A,C,50,A,LVTR1_8_9,LVTR1_8,LVTR1,8,9,9/13/23,8/16 fungus 8/30 - heavy herbivory
F,C_50_B,C,50,B,YO11_8_1,YO11_8,YO11,8,1,10/20/23,8/16 - fungus 9/27- leaves dead
F,C_51_A,C,51,A,CP2_2_6,CP2_2,CP2,2,6,9/20/23,8/30- heavy herbivory 9/13- no leaves
F,C_51_B,C,51,B,YO11_5_1,YO11_5,YO11,5,1,8/9/23,NA
F,C_52_A,C,52,A,CC_4_8,CC_4,CC,4,8,NA,NA
F,C_52_B,C,52,B,YO8_5_8,YO8_5,YO8,5,8,7/26/23,NA
F,C_53_A,C,53,A,YO4_9_3,YO4_9,YO4,9,3,9/20/23,8/16 - no leaves stem turgid
F,C_53_B,C,53,B,IH_3_8,IH_3,IH,3,8,NA,10/20 in gopher hole. reburried
F,C_54_A,C,54,A,LV1_3_7,LV1_3,LV1,3,7,9/13/23,8/30 - heavy herbivory 9/6-no leaves
F,C_54_B,C,54,B,TM2_1_14,TM2_1,TM2,1,14,NA,NA
F,C_55_A,C,55,A,YO7_1_4,YO7_1,YO7,1,4,NA,NA
F,C_55_B,C,55,B,WL2_1_1,WL2_1,WL2,1,1,7/26/23,NA
F,C_56_A,C,56,A,BH_2_8,BH_2,BH,2,8,7/26/23,NA
F,C_56_B,C,56,B,WL1_4_9,WL1_4,WL1,4,9,9/20/23,NA
F,C_57_A,C,57,A,SC_2_8,SC_2,SC,2,8,7/26/23,NA
F,C_57_B,C,57,B,CC_5_8,CC_5,CC,5,8,7/26/23,NA
F,C_58_A,C,58,A,YO4_3_6,YO4_3,YO4,3,6,7/26/23,NA
F,C_58_B,C,58,B,FR_4_7,FR_4,FR,4,7,7/26/23,NA
D,C_2_C,C,2,C,SC_5_6,SC_5,SC,5,6,NA,NA
D,C_2_D,C,2,D,CC_9_6,CC_9,CC,9,6,NA,NA
D,C_3_C,C,3,C,SQ2_6_22,SQ2_6,SQ2,6,22,8/2/23,NA
D,C_3_D,C,3,D,CP2_5_4,CP2_5,CP2,5,4,10/13/23,9/20-leaves dying
D,C_4_C,C,4,C,YO4_5_4,YO4_5,YO4,5,4,10/13/23,9/13-heavy herbiv.
D,C_5_C,C,5,C,SC_6_6,SC_6,SC,6,6,NA,NA
D,C_6_C,C,6,C,YO11_5_12,YO11_5,YO11,5,12,8/2/23,NA
D,C_6_D,C,6,D,WL1_7_20,WL1_7,WL1,7,20,NA,9/20-powdery mildew 9/27-leaves dead
D,C_7_C,C,7,C,WV_4_10,WV_4,WV,4,10,7/26/23,NA
D,C_7_D,C,7,D,WL1_10_4,WL1_10,WL1,10,4,NA,9/20 - powdery Mildew 10/20 leaves dead
D,C_8_C,C,8,C,DPR_1_11,DPR_1,DPR,1,11,7/26/23,NA
D,C_8_D,C,8,D,YO11_4_7,YO11_4,YO11,4,7,8/2/23,NA
D,C_9_C,C,9,C,YO11_5_15,YO11_5,YO11,5,15,7/26/23,NA
D,C_9_D,C,9,D,CP2_7_11,CP2_7,CP2,7,11,7/26/23,NA
D,C_10_C,C,10,C,CP3_7_5,CP3_7,CP3,7,5,8/2/23,NA
D,C_10_D,C,10,D,BH_3_6,BH_3,BH,3,6,NA,NA
D,C_11_C,C,11,C,DPR_4_11,DPR_4,DPR,4,11,NA,NA
D,C_11_D,C,11,D,CC_3_6,CC_3,CC,3,6,8/23/23,8/16-yellow leaves droopy
D,C_12_C,C,12,C,YO8_3_2,YO8_3,YO8,3,2,7/26/23,NA
D,C_12_D,C,12,D,YO7_5_16,YO7_5,YO7,5,16,8/2/23,NA
D,C_13_C,C,13,C,LVTR1_7_4,LVTR1_7,LVTR1,7,4,10/13/23,9/13 - wilted 9/27-no leaves
D,C_13_D,C,13,D,WL1_7_8,WL1_7,WL1,7,8,NA,10/20 leaves resprouting. 9/27- no leaves. 9/20 - heavy herbivory
D,C_14_C,C,14,C,DPR_6_19,DPR_6,DPR,6,19,8/2/23,NA
D,C_14_D,C,14,D,YO8_6_6,YO8_6,YO8,6,6,7/26/23,NA
D,C_15_C,C,15,C,BH_7_6,BH_7,BH,7,6,8/2/23,NA
D,C_15_D,C,15,D,LV3_7_10,LV3_7,LV3,7,10,7/26/23,NA
D,C_16_C,C,16,C,IH_4_7,IH_4,IH,4,7,7/26/23,NA
E,C_19_C,C,19,C,YO8_4_8,YO8_4,YO8,4,8,7/26/23,NA
E,C_19_D,C,19,D,YO7_5_2,YO7_5,YO7,5,2,NA,9/27-heavy herbivory
E,C_20_C,C,20,C,CP2_5_14,CP2_5,CP2,5,14,10/13/23,9/13 fungus/dying
E,C_20_D,C,20,D,YO7_7_22,YO7_7,YO7,7,22,7/26/23,NA
E,C_21_C,C,21,C,WL2_6_13,WL2_6,WL2,6,13,7/26/23,NA
E,C_21_D,C,21,D,LV1_5_6,LV1_5,LV1,5,6,8/2/23,NA
E,C_22_C,C,22,C,YO11_6_13,YO11_6,YO11,6,13,7/26/23,NA
E,C_22_D,C,22,D,FR_7_7,FR_7,FR,7,7,10/13/23,9/13 -fungus/dying 9/27-resprouting
E,C_23_C,C,23,C,CC_8_7,CC_8,CC,8,7,NA,NA
E,C_23_D,C,23,D,TM2_4_12,TM2_4,TM2,4,12,NA,NA
E,C_24_C,C,24,C,DPR_6_6,DPR_6,DPR,6,6,7/26/23,NA
E,C_24_D,C,24,D,YO4_2_8,YO4_2,YO4,2,8,7/26/23,NA
E,C_25_C,C,25,C,YO11_8_13,YO11_8,YO11,8,13,8/2/23,NA
E,C_25_D,C,25,D,DPR_8_3,DPR_8,DPR,8,3,NA,NA
E,C_28_C,C,28,C,WL1_4_3,WL1_4,WL1,4,3,9/20/23,8/30-stem turgid no leaves
E,C_28_D,C,28,D,LV1_8_6,LV1_8,LV1,8,6,7/26/23,NA
E,C_29_C,C,29,C,YO11_1_13,YO11_1,YO11,1,13,7/26/23,NA
E,C_29_D,C,29,D,TM2_5_8,TM2_5,TM2,5,8,7/26/23,NA
E,C_30_C,C,30,C,BH_4_7,BH_4,BH,4,7,NA,NA
E,C_30_D,C,30,D,SQ2_6_27,SQ2_6,SQ2,6,27,7/26/23,NA
E,C_31_C,C,31,C,YO7_7_3,YO7_7,YO7,7,3,8/16/23,NA
E,C_31_D,C,31,D,LV1_2_6,LV1_2,LV1,2,6,7/26/23,NA
E,C_32_C,C,32,C,LVTR1_4_3,LVTR1_4,LVTR1,4,3,7/26/23,NA
E,C_32_D,C,32,D,TM2_7_12,TM2_7,TM2,7,12,NA,9/20-some fruit dying
E,C_33_C,C,33,C,TM2_2_5,TM2_2,TM2,2,5,NA,NA
E,C_33_D,C,33,D,CC_3_7,CC_3,CC,3,7,NA,NA
E,C_34_C,C,34,C,SC_4_7,SC_4,SC,4,7,NA,NA
E,C_34_D,C,34,D,SC_8_7,SC_8,SC,8,7,NA,NA
E,C_35_C,C,35,C,WL2_8_13,WL2_8,WL2,8,13,8/2/23,NA
E,C_35_D,C,35,D,IH_6_7,IH_6,IH,6,7,7/26/23,NA
E,C_36_C,C,36,C,CC_1_7,CC_1,CC,1,7,8/2/23,NA
E,C_36_D,C,36,D,LVTR1_6_5,LVTR1_6,LVTR1,6,5,NA,9/13 - Stem turgid no leaves
E,C_37_C,C,37,C,CC_2_7,CC_2,CC,2,7,NA,NA
E,C_37_D,C,37,D,IH_5_7,IH_5,IH,5,7,7/26/23,NA
E,C_38_C,C,38,C,YO7_1_3,YO7_1,YO7,1,3,NA,9/27 no leaves
E,C_38_D,C,38,D,LV1_3_6,LV1_3,LV1,3,6,8/2/23,NA
E,C_39_C,C,39,C,CP3_6_13,CP3_6,CP3,6,13,10/20/23,9/13 -fungus. 9/20 no leaves
E,C_39_D,C,39,D,YO8_8_7,YO8_8,YO8,8,7,10/20/23,9/13 -fungus. 9/20- no leaves. 9/27- resprout
E,C_40_C,C,40,C,DPR_6_18,DPR_6,DPR,6,18,NA,9/20-top leaves deed
E,C_40_D,C,40,D,YO11_8_16,YO11_8,YO11,8,16,NA,9/20- top leaves dead
E,C_41_C,C,41,C,LVTR1_8_8,LVTR1_8,LVTR1,8,8,NA,9/20-no leaves. Stem turgid
E,C_41_D,C,41,D,SC_6_7,SC_6,SC,6,7,NA,NA
E,C_42_C,C,42,C,WL1_7_9,WL1_7,WL1,7,9,9/13/23,NA
E,C_42_D,C,42,D,WL1_10_5,WL1_10,WL1,10,5,10/13/23,9/20 leaves dead
E,C_43_C,C,43,C,WR_2_19,WR_2,WR,2,19,10/20/23,9/13 -fungus 9/20- leaves dead
E,C_43_D,C,43,D,CP2_3_5,CP2_3,CP2,3,5,10/13/23,9/6-no leaves
E,C_44_C,C,44,C,YO8_5_7,YO8_5,YO8,5,7,10/13/23,9/6-no leaves
E,C_44_D,C,44,D,WL2_7_13,WL2_7,WL2,7,13,NA,NA
E,C_45_D,C,45,D,SC_4_15,SC_4,SC,4,15,7/26/23,9/20 tag gone
E,C_46_C,C,46,C,TM2_1_6,TM2_1,TM2,1,6,8/16/23,8/16-tag+ plant gone
E,C_46_D,C,46,D,SQ3_4_10,SQ3_4,SQ3,4,10,9/27/23,9/20 leaves dead
E,C_47_C,C,47,C,FR_4_6,FR_4,FR,4,6,10/13/23,9/13 - leaves dying 9/27- leaves dead
E,C_47_D,C,47,D,SQ1_4_7,SQ1_4,SQ1,4,7,NA,9/20- leaves dead
E,C_48_C,C,48,C,DPR_4_12,DPR_4,DPR,4,12,8/9/23,8/16-pick present no date
E,C_48_D,C,48,D,SQ1_4_2,SQ1_4,SQ1,4,2,NA,NA
E,C_49_C,C,49,C,YO11_7_13,YO11_7,YO11,7,13,9/27/23,9/20-leaves dead
F,C_50_C,C,50,C,SQ2_4_4,SQ2_4,SQ2,4,4,7/26/23,NA
F,C_50_D,C,50,D,YO7_7_17,YO7_7,YO7,7,17,7/26/23,NA
F,C_51_C,C,51,C,IH_4_8,IH_4,IH,4,8,8/23/23,8/16-leaves - yellow droopy
F,C_51_D,C,51,D,LV1_4_7,LV1_4,LV1,4,7,7/26/23,NA
F,C_52_C,C,52,C,YO8_8_8,YO8_8,YO8,8,8,8/2/23,NA
F,C_52_D,C,52,D,YO8_2_4,YO8_2,YO8,2,4,8/2/23,NA
F,C_53_C,C,53,C,TM2_5_2,TM2_5,TM2,5,2,7/26/23,NA
F,C_53_D,C,53,D,TM2_7_13,TM2_7,TM2,7,13,NA,NA
F,C_54_C,C,54,C,LVTR1_7_12,LVTR1_7,LVTR1,7,12,7/26/23,different plant
F,C_54_D,C,54,D,CC_1_8,CC_1,CC,1,8,7/26/23,NA
F,C_55_C,C,55,C,CP3_6_1,CP3_6,CP3,6,1,7/26/23,NA
F,C_55_D,C,55,D,CP2_7_13,CP2_7,CP2,7,13,8/2/23,NA
F,C_56_C,C,56,C,DPR_7_5,DPR_7,DPR,7,5,8/9/23,NA
F,C_56_D,C,56,D,TM2_1_7,TM2_1,TM2,1,7,8/2/23,NA
F,C_57_C,C,57,C,IH_7_8,IH_7,IH,7,8,8/2/23,NA
F,C_57_D,C,57,D,LV1_5_7,LV1_5,LV1,5,7,7/26/23,NA
F,C_58_C,C,58,C,IH_2_8,IH_2,IH,2,8,7/26/23,NA
F,C_58_D,C,58,D,CC_8_8,CC_8,CC,8,8,8/2/23,NA
G,D_3_A,D,3,A,YO11_8_2,YO11_8,YO11,8,2,7/26/23,NA
G,D_3_B,D,3,B,IH_5_9,IH_5,IH,5,9,NA,NA
G,D_4_A,D,4,A,TM2_5_10,TM2_5,TM2,5,10,8/16/23,NA
G,D_4_B,D,4,B,YO11_7_14,YO11_7,YO11,7,14,9/20/23,NA
G,D_5_A,D,5,A,CP3_4_2,CP3_4,CP3,4,2,10/13/23,9/27-resprouting
G,D_5_B,D,5,B,SQ2_1_1,SQ2_1,SQ2,1,1,10/20/23,9/13 heavy herbivory leaves wilting. 9/27-no leaves
G,D_6_A,D,6,A,CP2_5_7,CP2_5,CP2,5,7,7/26/23,NA
G,D_7_B,D,7,B,LVTR1_8_10,LVTR1_8,LVTR1,8,10,7/26/23,NA
G,D_9_A,D,9,A,CP3_2_1,CP3_2,CP3,2,1,7/26/23,NA
G,D_10_A,D,10,A,CP2_1_7,CP2_1,CP2,1,7,NA,9/20-leaves wilting 9/27 leaves dead
G,D_10_B,D,10,B,DPR_1_1,DPR_1,DPR,1,1,NA,9/27 -heavy herb.
G,D_11_A,D,11,A,LV1_8_8,LV1_8,LV1,8,8,7/26/23,NA
G,D_11_B,D,11,B,YO7_7_5,YO7_7,YO7,7,5,NA,9/27 leaves dead stem turgid
G,D_12_A,D,12,A,LVTR1_7_7,LVTR1_7,LVTR1,7,7,8/2/23,NA
G,D_12_B,D,12,B,YO8_6_9,YO8_6,YO8,6,9,7/26/23,NA
G,D_13_B,D,13,B,LVTR1_6_7,LVTR1_6,LVTR1,6,7,8/2/23,NA
G,D_14_A,D,14,A,IH_7_9,IH_7,IH,7,9,NA,NA
G,D_14_B,D,14,B,SC_6_9,SC_6,SC,6,9,8/2/23,NA
G,D_15_A,D,15,A,YO7_7_24,YO7_7,YO7,7,24,8/2/23,NA
G,D_15_B,D,15,B,YO4_2_10,YO4_2,YO4,2,10,NA,9/13 leaves drying stem turgid
G,D_16_A,D,16,A,SQ3_7_13,SQ3_7,SQ3,7,13,7/26/23,NA
G,D_16_B,D,16,B,YO11_3_4,YO11_3,YO11,3,4,8/2/23,NA
G,D_17_A,D,17,A,CC_9_9,CC_9,CC,9,9,NA,NA
G,D_17_B,D,17,B,LV3_5_5,LV3_5,LV3,5,5,10/20/23,9/13 leaves drying 9/27 - leaves dead
G,D_18_A,D,18,A,WL1_2_1,WL1_2,WL1,2,1,10/13/23,9/20 no leaves 9/13 leaves drying
G,D_18_B,D,18,B,DPR_6_8,DPR_6,DPR,6,8,NA,9/27-heavy herbivory
G,D_19_A,D,19,A,TM2_7_18,TM2_7,TM2,7,18,NA,NA
G,D_19_B,D,19,B,CC_4_9,CC_4,CC,4,9,NA,NA
G,D_20_A,D,20,A,YO7_6_14,YO7_6,YO7,6,14,NA,NA
G,D_20_B,D,20,B,LV1_3_8,LV1_3,LV1,3,8,8/2/23,NA
G,D_21_A,D,21,A,SC_5_9,SC_5,SC,5,9,NA,NA
G,D_21_B,D,21,B,BH_6_9,BH_6,BH,6,9,8/2/23,NA
G,D_22_A,D,22,A,DPR_3_1,DPR_3,DPR,3,1,NA,NA
G,D_22_B,D,22,B,CC_1_9,CC_1,CC,1,9,8/2/23,NA
G,D_23_A,D,23,A,LV3_1_2,LV3_1,LV3,1,2,7/26/23,NA
G,D_23_B,D,23,B,LVTR1_4_8,LVTR1_4,LVTR1,4,8,8/2/23,NA
G,D_24_A,D,24,A,YO7_5_4,YO7_5,YO7,5,4,8/2/23,NA
G,D_24_B,D,24,B,IH_1_9,IH_1,IH,1,9,NA,NA
G,D_25_A,D,25,A,WL1_7_11,WL1_7,WL1,7,11,7/26/23,NA
G,D_25_B,D,25,B,SC_2_9,SC_2,SC,2,9,7/26/23,NA
G,D_26_A,D,26,A,YO8_8_9,YO8_8,YO8,8,9,7/26/23,NA
G,D_26_B,D,26,B,LV1_2_8,LV1_2,LV1,2,8,8/9/23,NA
G,D_27_A,D,27,A,LV1_6_8,LV1_6,LV1,6,8,7/26/23,NA
G,D_27_B,D,27,B,BH_7_9,BH_7,BH,7,9,7/26/23,NA
G,D_28_A,D,28,A,CP2_2_7,CP2_2,CP2,2,7,8/2/23,NA
G,D_28_B,D,28,B,SC_4_9,SC_4,SC,4,9,8/2/23,NA
G,D_29_A,D,29,A,YO4_3_10,YO4_3,YO4,3,10,7/26/23,NA
G,D_29_B,D,29,B,CC_5_9,CC_5,CC,5,9,7/26/23,NA
G,D_30_A,D,30,A,TM2_7_1,TM2_7,TM2,7,1,8/2/23,NA
G,D_30_B,D,30,B,BH_1_9,BH_1,BH,1,9,7/26/23,NA
G,D_31_A,D,31,A,FR_3_9,FR_3,FR,3,9,7/26/23,NA
G,D_31_B,D,31,B,TM2_1_8,TM2_1,TM2,1,8,8/2/23,NA
G,D_32_A,D,32,A,DPR_5_13,DPR_5,DPR,5,13,8/2/23,NA
G,D_32_B,D,32,B,SQ2_8_2,SQ2_8,SQ2,8,2,7/26/23,NA
G,D_33_A,D,33,A,WL2_5_2,WL2_5,WL2,5,2,8/2/23,NA
G,D_33_B,D,33,B,CP2_3_7,CP2_3,CP2,3,7,9/27/23,9/13 heavy herbivory
G,D_34_A,D,34,A,LV3_7_13,LV3_7,LV3,7,13,7/26/23,NA
G,D_34_B,D,34,B,CP2_7_1,CP2_7,CP2,7,1,8/2/23,NA
G,D_35_A,D,35,A,YO11_1_2,YO11_1,YO11,1,2,7/26/23,NA
F,D_37_A,D,37,A,BH_5_8,BH_5,BH,5,8,NA,NA
F,D_37_B,D,37,B,YO11_7_2,YO11_7,YO11,7,2,8/9/23,NA
F,D_38_A,D,38,A,WL2_8_1,WL2_8,WL2,8,1,8/9/23,NA
F,D_38_B,D,38,B,LVTR1_6_6,LVTR1_6,LVTR1,6,6,7/26/23,NA
F,D_39_A,D,39,A,CC_9_8,CC_9,CC,9,8,NA,NA
F,D_39_B,D,39,B,SC_8_8,SC_8,SC,8,8,8/2/23,NA
F,D_40_A,D,40,A,CC_3_8,CC_3,CC,3,8,8/2/23,NA
F,D_40_B,D,40,B,BH_7_8,BH_7,BH,7,8,NA,NA
F,D_41_A,D,41,A,YO11_5_18,YO11_5,YO11,5,18,8/9/23,NA
F,D_41_B,D,41,B,SQ3_1_12,SQ3_1,SQ3,1,12,10/20/23,9/20 no leaves 9/13 heavy herbivory
F,D_42_A,D,42,A,WR_2_16,WR_2,WR,2,16,7/26/23,NA
F,D_42_B,D,42,B,YO8_1_4,YO8_1,YO8,1,4,7/26/23,NA
F,D_43_A,D,43,A,LVTR1_7_6,LVTR1_7,LVTR1,7,6,9/27/23,8/30-stem turgid no leaves
F,D_43_B,D,43,B,DPR_8_16,DPR_8,DPR,8,16,NA,8/30 - heavy herbivory 9/27-resprouting
F,D_44_A,D,44,A,CP3_3_1,CP3_3,CP3,3,1,8/9/23,NA
F,D_44_B,D,44,B,SQ1_14_6,SQ1_14,SQ1,14,6,7/26/23,NA
F,D_45_A,D,45,A,SC_6_8,SC_6,SC,6,8,NA,NA
F,D_45_B,D,45,B,WL2_7_1,WL2_7,WL2,7,1,8/9/23,NA
F,D_46_A,D,46,A,LV3_5_4,LV3_5,LV3,5,4,8/2/23,NA
F,D_46_B,D,46,B,WL1_7_10,WL1_7,WL1,7,10,8/2/23,NA
F,D_47_A,D,47,A,LVTR1_4_2,LVTR1_4,LVTR1,4,2,8/2/23,NA
F,D_47_B,D,47,B,CP2_1_6,CP2_1,CP2,1,6,9/27/23,9/6-no leaves 9/13-no leaves stem turgid
F,D_48_A,D,48,A,LV1_8_7,LV1_8,LV1,8,7,8/9/23,NA
F,D_48_B,D,48,B,WL2_3_1,WL2_3,WL2,3,1,NA,9/13-heavy herbivory 9/27 no leaves
F,D_49_A,D,49,A,SQ3_4_8,SQ3_4,SQ3,4,8,8/2/23,NA
F,D_49_B,D,49,B,YO11_6_1,YO11_6,YO11,6,1,10/13/23,9/13 - leaves drying stem turgid
F,D_50_A,D,50,A,YO7_7_4,YO7_7,YO7,7,4,NA,9/27 resprouting
F,D_50_B,D,50,B,CP3_2_7,CP3_2,CP3,2,7,7/26/23,NA
F,D_51_A,D,51,A,LVTR1_5_12,LVTR1_5,LVTR1,5,12,8/2/23,NA
F,D_51_B,D,51,B,TM2_4_8,TM2_4,TM2,4,8,7/26/23,NA
F,D_52_A,D,52,A,WL1_2_2,WL1_2,WL1,2,2,7/26/23,NA
F,D_52_B,D,52,B,YO7_7_16,YO7_7,YO7,7,16,7/26/23,NA
F,D_53_A,D,53,A,IH_6_8,IH_6,IH,6,8,7/26/23,NA
F,D_53_B,D,53,B,DPR_1_13,DPR_1,DPR,1,13,8/2/23,NA
F,D_54_A,D,54,A,YO8_6_8,YO8_6,YO8,6,8,8/9/23,8/16 - pick present no date
F,D_54_B,D,54,B,DPR_8_4,DPR_8,DPR,8,4,NA,NA
F,D_55_A,D,55,A,BH_3_8,BH_3,BH,3,8,NA,NA
F,D_55_B,D,55,B,YO4_2_9,YO4_2,YO4,2,9,NA,9/20 powdery mildew
F,D_56_A,D,56,A,FR_7_8,FR_7,FR,7,8,8/2/23,NA
F,D_56_B,D,56,B,SQ1_2_6,SQ1_2,SQ1,2,6,NA,9/13-leaves drying stem turgid. 9/27 resprout
F,D_57_A,D,57,A,CP2_2_15,CP2_2,CP2,2,15,7/26/23,NA
F,D_57_B,D,57,B,CP2_4_6,CP2_4,CP2,4,6,7/26/23,NA
F,D_58_A,D,58,A,SQ2_6_1,SQ2_6,SQ2,6,1,10/20/23,9/13 - leaves drying stem turgid
F,D_58_B,D,58,B,YO11_3_2,YO11_3,YO11,3,2,8/2/23,NA
G,D_3_C,D,3,C,WR_1_1,WR_1,WR,1,1,7/26/23,NA
G,D_3_D,D,3,D,SQ3_6_2,SQ3_6,SQ3,6,2,7/26/23,NA
G,D_4_C,D,4,C,YO8_1_5,YO8_1,YO8,1,5,NA,9/20- -leaves dead
G,D_4_D,D,4,D,IH_4_9,IH_4,IH,4,9,7/26/23,NA
G,D_5_C,D,5,C,WL2_2_2,WL2_2,WL2,2,2,NA,9/27 - leaves dead
G,D_5_D,D,5,D,CP2_4_7,CP2_4,CP2,4,7,7/26/23,NA
G,D_6_C,D,6,C,CP3_4_15,CP3_4,CP3,4,15,8/2/23,NA
G,D_6_D,D,6,D,YO4_9_2,YO4_9,YO4,9,2,7/26/23,NA
G,D_8_C,D,8,C,LV1_1_8,LV1_1,LV1,1,8,7/26/23,NA
G,D_9_C,D,9,C,WL2_3_2,WL2_3,WL2,3,2,8/2/23,NA
G,D_9_D,D,9,D,FR_7_9,FR_7,FR,7,9,7/26/23,NA
G,D_10_C,D,10,C,LVTR1_2_7,LVTR1_2,LVTR1,2,7,8/2/23,NA
G,D_10_D,D,10,D,SQ1_2_13,SQ1_2,SQ1,2,13,7/26/23,NA
G,D_11_C,D,11,C,CP3_5_2,CP3_5,CP3,5,2,8/23/23,8/16- leaves yellow floppy
G,D_11_D,D,11,D,SQ2_6_23,SQ2_6,SQ2,6,23,7/26/23,NA
G,D_12_C,D,12,C,YO11_5_2,YO11_5,YO11,5,2,7/26/23,NA
G,D_12_D,D,12,D,BH_5_9,BH_5,BH,5,9,7/26/23,NA
G,D_13_C,D,13,C,SQ1_6_9,SQ1_6,SQ1,6,9,8/2/23,NA
G,D_13_D,D,13,D,YO8_5_9,YO8_5,YO8,5,9,7/26/23,NA
G,D_14_C,D,14,C,IH_3_9,IH_3,IH,3,9,8/2/23,NA
G,D_14_D,D,14,D,YO8_8_14,YO8_8,YO8,8,14,7/26/23,NA
G,D_15_C,D,15,C,YO7_4_5,YO7_4,YO7,4,5,7/26/23,NA
G,D_15_D,D,15,D,LVTR1_7_18,LVTR1_7,LVTR1,7,18,7/26/23,NA
G,D_16_C,D,16,C,TM2_6_13,TM2_6,TM2,6,13,7/26/23,NA
G,D_16_D,D,16,D,DPR_3_15,DPR_3,DPR,3,15,7/26/23,NA
G,D_17_C,D,17,C,YO8_3_5,YO8_3,YO8,3,5,9/27/23,9/13-no leaves stem turgid 9/20 no leaves
G,D_17_D,D,17,D,SC_8_9,SC_8,SC,8,9,NA,NA
G,D_18_C,D,18,C,LV1_5_8,LV1_5,LV1,5,8,7/26/23,NA
G,D_18_D,D,18,D,FR_6_12,FR_6,FR,6,12,7/26/23,NA
G,D_19_C,D,19,C,CP3_6_2,CP3_6,CP3,6,2,7/26/23,NA
G,D_19_D,D,19,D,TM2_2_9,TM2_2,TM2,2,9,7/26/23,NA
G,D_20_C,D,20,C,TM2_4_4,TM2_4,TM2,4,4,8/2/23,NA
G,D_20_D,D,20,D,BH_2_9,BH_2,BH,2,9,8/2/23,NA
G,D_21_C,D,21,C,IH_2_9,IH_2,IH,2,9,8/2/23,NA
G,D_21_D,D,21,D,WL2_6_2,WL2_6,WL2,6,2,7/26/23,NA
G,D_22_C,D,22,C,CP2_2_14,CP2_2,CP2,2,14,NA,9/13-leaves drying 9/20- no leaves
G,D_22_D,D,22,D,WL2_7_2,WL2_7,WL2,7,2,NA,NA
G,D_23_C,D,23,C,WL1_7_15,WL1_7,WL1,7,15,NA,9/13-no leaves stem turgid 9/20-new leaves
G,D_23_D,D,23,D,CC_8_9,CC_8,CC,8,9,7/26/23,NA
G,D_24_C,D,24,C,CC_3_9,CC_3,CC,3,9,7/26/23,NA
G,D_24_D,D,24,D,SQ2_13_3,SQ2_13,SQ2,13,3,7/26/23,NA
G,D_25_C,D,25,C,SC_4_17,SC_4,SC,4,17,7/26/23,NA
G,D_25_D,D,25,D,WL2_8_2,WL2_8,WL2,8,2,7/26/23,NA
G,D_26_C,D,26,C,CP3_3_2,CP3_3,CP3,3,2,7/26/23,NA
G,D_26_D,D,26,D,YO7_6_5,YO7_6,YO7,6,5,7/26/23,NA
G,D_27_C,D,27,C,CC_2_9,CC_2,CC,2,9,NA,NA
G,D_27_D,D,27,D,YO11_6_2,YO11_6,YO11,6,2,8/2/23,NA
G,D_28_C,D,28,C,SC_8_15,SC_8,SC,8,15,NA,NA
G,D_28_D,D,28,D,SQ2_6_2,SQ2_6,SQ2,6,2,10/13/23,9/6-no leaves
G,D_29_C,D,29,C,WL2_1_2,WL2_1,WL2,1,2,NA,9/13-heavy herbivory 9/20-no leaves
G,D_29_D,D,29,D,YO7_1_5,YO7_1,YO7,1,5,NA,NA
G,D_30_C,D,30,C,DPR_8_5,DPR_8,DPR,8,5,8/2/23,NA
G,D_30_D,D,30,D,FR_4_8,FR_4,FR,4,8,7/26/23,NA
G,D_31_C,D,31,C,YO8_2_5,YO8_2,YO8,2,5,8/2/23,NA
G,D_31_D,D,31,D,IH_6_9,IH_6,IH,6,9,NA,NA
G,D_32_C,D,32,C,LVTR1_4_4,LVTR1_4,LVTR1,4,4,8/30/23,NA
G,D_32_D,D,32,D,LV1_4_8,LV1_4,LV1,4,8,10/20/23,8/30-stem turgid resprouting 9/20 no leaves
G,D_33_C,D,33,C,SQ1_14_9,SQ1_14,SQ1,14,9,8/2/23,NA
G,D_33_D,D,33,D,WL1_10_1,WL1_10,WL1,10,1,7/26/23,NA
G,D_34_C,D,34,C,CP3_1_1,CP3_1,CP3,1,1,9/27/23,8/30-stem turgid 9/20 leaves resprouting
G,D_34_D,D,34,D,DPR_4_1,DPR_4,DPR,4,1,9/27/23,8/23 top snapped off resprouting 9/20 no leaves
G,D_35_C,D,35,C,BH_3_9,BH_3,BH,3,9,7/26/23,NA
G,D_35_D,D,35,D,BH_4_9,BH_4,BH,4,9,7/26/23,NA
F,D_36_D,D,36,D,WL1_7_14,WL1_7,WL1,7,14,7/26/23,NA
F,D_37_C,D,37,C,SC_2_18,SC_2,SC,2,18,NA,NA
F,D_38_D,D,38,D,DPR_6_7,DPR_6,DPR,6,7,7/26/23,NA
F,D_39_C,D,39,C,SC_5_14,SC_5,SC,5,14,8/2/23,NA
F,D_39_D,D,39,D,CP3_5_14,CP3_5,CP3,5,14,7/26/23,NA
F,D_40_C,D,40,C,IH_5_8,IH_5,IH,5,8,NA,NA
F,D_40_D,D,40,D,WL2_2_1,WL2_2,WL2,2,1,7/26/23,NA
F,D_41_C,D,41,C,LVTR1_8_20,LVTR1_8,LVTR1,8,20,7/26/23,NA
F,D_41_D,D,41,D,CP3_5_1,CP3_5,CP3,5,1,7/26/23,NA
F,D_42_C,D,42,C,WL2_6_1,WL2_6,WL2,6,1,NA,9/13-leaves drying 9/20 stem turgid
F,D_42_D,D,42,D,YO7_3_9,YO7_3,YO7,3,9,NA,NA
F,D_43_C,D,43,C,SQ2_13_6,SQ2_13,SQ2,13,6,NA,9/13 - no leaves stem turgid
F,D_43_D,D,43,D,CC_2_8,CC_2,CC,2,8,7/26/23,NA
F,D_44_C,D,44,C,TM2_7_19,TM2_7,TM2,7,19,7/26/23,NA
F,D_44_D,D,44,D,LV1_1_7,LV1_1,LV1,1,7,8/23/23,NA
F,D_45_C,D,45,C,FR_2_11,FR_2,FR,2,11,7/26/23,NA
F,D_45_D,D,45,D,BH_6_8,BH_6,BH,6,8,7/26/23,NA
F,D_46_C,D,46,C,YO8_3_4,YO8_3,YO8,3,4,7/26/23,NA
F,D_46_D,D,46,D,SC_5_8,SC_5,SC,5,8,7/26/23,NA
F,D_47_C,D,47,C,YO8_4_12,YO8_4,YO8,4,12,7/26/23,NA
F,D_47_D,D,47,D,BH_1_8,BH_1,BH,1,8,7/26/23,NA
F,D_48_C,D,48,C,SQ2_6_25,SQ2_6,SQ2,6,25,NA,9/13 leaves drying stem turgid 9/20 leaves dead
F,D_48_D,D,48,D,YO11_7_1,YO11_7,YO11,7,1,NA,9/13 - stem turgid resprouting 9/20 no leaves
F,D_49_C,D,49,C,SQ2_8_1,SQ2_8,SQ2,8,1,7/26/23,NA
F,D_49_D,D,49,D,YO11_1_1,YO11_1,YO11,1,1,7/26/23,NA
F,D_50_C,D,50,C,YO7_5_3,YO7_5,YO7,5,3,8/9/23,NA
F,D_50_D,D,50,D,DPR_4_13,DPR_4,DPR,4,13,7/26/23,NA
F,D_51_C,D,51,C,IH_1_8,IH_1,IH,1,8,NA,NA
F,D_51_D,D,51,D,LV3_7_8,LV3_7,LV3,7,8,7/26/23,NA
F,D_52_C,D,52,C,CP3_1_13,CP3_1,CP3,1,13,7/26/23,NA
F,D_52_D,D,52,D,LVTR1_8_23,LVTR1_8,LVTR1,8,23,7/26/23,NA
F,D_53_C,D,53,C,BH_4_8,BH_4,BH,4,8,7/26/23,NA
F,D_53_D,D,53,D,DPR_3_13,DPR_3,DPR,3,13,7/26/23,NA
F,D_54_D,D,54,D,CP2_5_6,CP2_5,CP2,5,6,10/13/23,9/13 - no leaves stem turgid
F,D_55_C,D,55,C,SC_4_8,SC_4,SC,4,8,NA,NA
F,D_55_D,D,55,D,CP2_3_6,CP2_3,CP2,3,6,10/20/23,9/13 - leaves drying stem turgid 9/20 powdery mildew
F,D_56_C,D,56,C,YO7_6_4,YO7_6,YO7,6,4,NA,NA
F,D_56_D,D,56,D,CP3_4_1,CP3_4,CP3,4,1,9/20/23,9/13 - no leaves stem turgid
F,D_57_C,D,57,C,FR_5_9,FR_5,FR,5,9,7/26/23,NA
F,D_57_D,D,57,D,LV1_2_7,LV1_2,LV1,2,7,9/27/23,8/30-stem - turgid no leaves
F,D_58_C,D,58,C,TM2_2_10,TM2_2,TM2,2,10,7/26/23,NA
F,D_58_D,D,58,D,WL2_5_1,WL2_5,WL2,5,1,NA,9/13-leaves drying stem turgid 9/20 no leaves
F,D_59_D,D,59,D,LV1_3_15,LV1_3,LV1,3,15,10/13/23,9/20 leaves dried powdery mildew
H,E_3_B,E,3,B,SQ3_4_2,SQ3_4,SQ3,4,2,7/26/23,NA
H,E_4_B,E,4,B,LV1_2_9,LV1_2,LV1,2,9,8/9/23,NA
H,E_5_A,E,5,A,CP3_4_3,CP3_4,CP3,4,3,7/26/23,NA
H,E_5_B,E,5,B,YO11_8_3,YO11_8,YO11,8,3,7/26/23,NA
H,E_6_B,E,6,B,YO11_6_3,YO11_6,YO11,6,3,9/13/23,NA
H,E_7_A,E,7,A,YO4_1_2,YO4_1,YO4,1,2,NA,9/27- - no leaves stem turgid
H,E_7_B,E,7,B,SQ2_1_2,SQ2_1,SQ2,1,2,8/2/23,NA
H,E_8_A,E,8,A,LVTR1_7_8,LVTR1_7,LVTR1,7,8,7/26/23,NA
H,E_8_B,E,8,B,TM2_6_2,TM2_6,TM2,6,2,NA,NA
H,E_9_A,E,9,A,DPR_8_6,DPR_8,DPR,8,6,9/6/23,NA
H,E_10_A,E,10,A,WL1_3_5,WL1_3,WL1,3,5,7/26/23,NA
H,E_10_B,E,10,B,CP3_1_2,CP3_1,CP3,1,2,8/2/23,NA
H,E_11_A,E,11,A,FR_7_10,FR_7,FR,7,10,7/26/23,NA
H,E_11_B,E,11,B,DPR_4_2,DPR_4,DPR,4,2,NA,9/27- leaves dying
H,E_12_A,E,12,A,LV1_6_9,LV1_6,LV1,6,9,8/2/23,NA
H,E_12_B,E,12,B,LVTR1_5_1,LVTR1_5,LVTR1,5,1,10/13/23,9/13 - leaves drying stem turgid
H,E_13_A,E,13,A,BH_7_10,BH_7,BH,7,10,8/2/23,NA
H,E_14_A,E,14,A,YO11_5_3,YO11_5,YO11,5,3,10/13/23,9/13 - leaves drying stem turgid
H,E_14_B,E,14,B,SQ1_14_8,SQ1_14,SQ1,14,8,7/26/23,NA
H,E_15_A,E,15,A,SC_6_10,SC_6,SC,6,10,8/2/23,NA
H,E_15_B,E,15,B,YO7_7_6,YO7_7,YO7,7,6,8/16/23,NA
H,E_16_A,E,16,A,TM2_3_2,TM2_3,TM2,3,2,8/9/23,NA
H,E_16_B,E,16,B,YO8_5_10,YO8_5,YO8,5,10,7/26/23,NA
H,E_17_A,E,17,A,YO11_5_16,YO11_5,YO11,5,16,7/26/23,NA
H,E_17_B,E,17,B,WL2_7_3,WL2_7,WL2,7,3,9/27/23,8/16-floppy 9/20 stem only
H,E_18_A,E,18,A,LVTR1_8_11,LVTR1_8,LVTR1,8,11,7/26/23,NA
H,E_18_B,E,18,B,BH_6_10,BH_6,BH,6,10,NA,NA
H,E_19_A,E,19,A,LV1_5_9,LV1_5,LV1,5,9,9/27/23,8/16- heavy herbiv few leaves. 9/6- no leaves
H,E_19_B,E,19,B,CP3_6_3,CP3_6,CP3,6,3,7/26/23,NA
H,E_20_A,E,20,A,WR_2_20,WR_2,WR,2,20,7/26/23,NA
H,E_20_B,E,20,B,SQ1_14_5,SQ1_14,SQ1,14,5,NA,9/13 no leaves stem turgid. 10/20- roots exposed
H,E_21_A,E,21,A,CC_5_10,CC_5,CC,5,10,NA,NA
H,E_21_B,E,21,B,CP2_1_8,CP2_1,CP2,1,8,9/27/23,9/6-no leaves
H,E_22_A,E,22,A,IH_2_10,IH_2,IH,2,10,NA,NA
H,E_22_B,E,22,B,LV1_4_9,LV1_4,LV1,4,9,8/2/23,NA
H,E_23_A,E,23,A,SQ2_8_3,SQ2_8,SQ2,8,3,NA,9/6-resprouting
H,E_23_B,E,23,B,WR_3_2,WR_3,WR,3,2,NA,NA
H,E_24_A,E,24,A,CP3_7_12,CP3_7,CP3,7,12,9/20/23,9/6 resprouting
H,E_24_B,E,24,B,WL2_8_3,WL2_8,WL2,8,3,7/26/23,NA
H,E_25_A,E,25,A,YO7_6_6,YO7_6,YO7,6,6,NA,9/13-no leaves stem turgid 9/27- resprouting
H,E_25_B,E,25,B,TM2_1_15,TM2_1,TM2,1,15,NA,9/13 -flower fell off small fruit
H,E_26_A,E,26,A,SQ2_11_2,SQ2_11,SQ2,11,2,9/27/23,8/30-leaves resprouting 9/20 - no leaves
H,E_26_B,E,26,B,IH_7_10,IH_7,IH,7,10,8/2/23,NA
H,E_27_A,E,27,A,FR_4_9,FR_4,FR,4,9,7/26/23,NA
H,E_27_B,E,27,B,YO11_1_3,YO11_1,YO11,1,3,8/9/23,NA
H,E_28_A,E,28,A,WL2_2_3,WL2_2,WL2,2,3,NA,NA
H,E_28_B,E,28,B,CC_9_10,CC_9,CC,9,10,NA,NA
H,E_29_A,E,29,A,TM2_1_9,TM2_1,TM2,1,9,NA,NA
H,E_29_B,E,29,B,YO8_3_6,YO8_3,YO8,3,6,7/26/23,NA
H,E_41_A,E,41,A,FR_3_8,FR_3,FR,3,8,9/13/23,9/6-no leaves
H,E_41_B,E,41,B,WL1_7_12,WL1_7,WL1,7,12,10/13/23,9/13 leaves drying stem turgid 9/27- no leaves
H,E_42_A,E,42,A,CP2_7_2,CP2_7,CP2,7,2,8/23/23,8/16-leaves yellow floppy
H,E_42_B,E,42,B,CP3_3_3,CP3_3,CP3,3,3,8/2/23,NA
H,E_43_A,E,43,A,YO7_5_14,YO7_5,YO7,5,14,NA,NA
H,E_43_B,E,43,B,DPR_6_17,DPR_6,DPR,6,17,NA,9/13- no leaves stem turgid
H,E_44_A,E,44,A,YO4_9_1,YO4_9,YO4,9,1,10/20/23,9/13-leaves drying stem turgid
H,E_44_B,E,44,B,SC_4_10,SC_4,SC,4,10,NA,NA
H,E_45_A,E,45,A,WL2_5_3,WL2_5,WL2,5,3,10/20/23,9/13 leaves drying stem turgid. 9/27- powdery mil
H,E_45_B,E,45,B,SQ1_2_12,SQ1_2,SQ1,2,12,7/26/23,NA
I,E_46_A,E,46,A,YO7_7_7,YO7_7,YO7,7,7,NA,NA
I,E_46_B,E,46,B,IH_3_11,IH_3,IH,3,11,NA,NA
I,E_47_A,E,47,A,BH_4_11,BH_4,BH,4,11,NA,NA
I,E_47_B,E,47,B,BH_6_11,BH_6,BH,6,11,NA,NA
I,E_48_A,E,48,A,SC_5_11,SC_5,SC,5,11,NA,NA
I,E_48_B,E,48,B,CC_2_11,CC_2,CC,2,11,NA,NA
I,E_49_A,E,49,A,YO7_4_3,YO7_4,YO7,4,3,NA,NA
I,E_49_B,E,49,B,TM2_6_4,TM2_6,TM2,6,4,NA,NA
I,E_50_A,E,50,A,FR_6_10,FR_6,FR,6,10,7/26/23,NA
I,E_50_B,E,50,B,IH_6_11,IH_6,IH,6,11,8/2/23,NA
I,E_51_A,E,51,A,LV1_8_10,LV1_8,LV1,8,10,7/26/23,NA
I,E_51_B,E,51,B,IH_1_11,IH_1,IH,1,11,7/26/23,NA
H,E_2_D,E,2,D,TM2_7_2,TM2_7,TM2,7,2,7/26/23,NA
H,E_4_C,E,4,C,YO11_3_12,YO11_3,YO11,3,12,8/9/23,NA
H,E_4_D,E,4,D,LVTR1_7_14,LVTR1_7,LVTR1,7,14,7/26/23,NA
H,E_5_C,E,5,C,BH_5_10,BH_5,BH,5,10,NA,10/13: no leaves. 10/20-respr.
H,E_5_D,E,5,D,IH_3_10,IH_3,IH,3,10,NA,10/13-no leaves. 10/20-respr.
H,E_6_C,E,6,C,SC_8_10,SC_8,SC,8,10,NA,10/13- no leaves. 10/20 respr many leaves
H,E_6_D,E,6,D,SQ2_6_20,SQ2_6,SQ2,6,20,7/26/23,NA
H,E_7_C,E,7,C,TM2_2_7,TM2_2,TM2,2,7,7/26/23,NA
H,E_7_D,E,7,D,YO8_1_6,YO8_1,YO8,1,6,7/26/23,NA
H,E_8_C,E,8,C,WL1_4_12,WL1_4,WL1,4,12,7/26/23,NA
H,E_8_D,E,8,D,CC_4_10,CC_4,CC,4,10,7/26/23,NA
H,E_9_C,E,9,C,LVTR1_6_8,LVTR1_6,LVTR1,6,8,7/26/23,NA
H,E_9_D,E,9,D,CP2_3_8,CP2_3,CP2,3,8,7/26/23,NA
H,E_10_C,E,10,C,CC_2_10,CC_2,CC,2,10,NA,NA
H,E_10_D,E,10,D,LV3_7_6,LV3_7,LV3,7,6,7/26/23,NA
H,E_11_C,E,11,C,CP2_5_8,CP2_5,CP2,5,8,8/2/23,NA
H,E_11_D,E,11,D,LV1_3_9,LV1_3,LV1,3,9,7/26/23,NA
H,E_12_C,E,12,C,SC_2_10,SC_2,SC,2,10,8/2/23,NA
H,E_12_D,E,12,D,YO8_4_4,YO8_4,YO8,4,4,7/26/23,NA
H,E_13_C,E,13,C,SQ2_6_3,SQ2_6,SQ2,6,3,7/26/23,NA
H,E_13_D,E,13,D,SC_2_20,SC_2,SC,2,20,7/26/23,NA
H,E_14_C,E,14,C,DPR_6_9,DPR_6,DPR,6,9,7/26/23,NA
H,E_14_D,E,14,D,CP3_2_2,CP3_2,CP3,2,2,7/26/23,NA
H,E_15_C,E,15,C,WL2_3_3,WL2_3,WL2,3,3,8/23/23,8/16-leaves yellow floppy
H,E_16_C,E,16,C,YO11_7_3,YO11_7,YO11,7,3,8/9/23,NA
H,E_17_C,E,17,C,LVTR1_3_4,LVTR1_3,LVTR1,3,4,8/2/23,NA
H,E_17_D,E,17,D,DPR_1_2,DPR_1,DPR,1,2,NA,9/13 - stem top dried leaves resprouting
H,E_18_C,E,18,C,CP2_4_8,CP2_4,CP2,4,8,7/26/23,NA
H,E_18_D,E,18,D,YO7_2_13,YO7_2,YO7,2,13,7/26/23,NA
H,E_19_C,E,19,C,CC_1_10,CC_1,CC,1,10,7/26/23,NA
H,E_19_D,E,19,D,SC_5_10,SC_5,SC,5,10,7/26/23,NA
H,E_20_C,E,20,C,CP2_6_1,CP2_6,CP2,6,1,7/26/23,NA
H,E_20_D,E,20,D,BH_2_10,BH_2,BH,2,10,NA,NA
H,E_21_C,E,21,C,YO7_5_5,YO7_5,YO7,5,5,NA,NA
H,E_21_D,E,21,D,BH_3_10,BH_3,BH,3,10,7/26/23,NA
H,E_22_C,E,22,C,CC_8_10,CC_8,CC,8,10,8/23/23,8/16-leaves yellow floppy
H,E_22_D,E,22,D,YO8_6_10,YO8_6,YO8,6,10,10/13/23,9/13 - -no stem leaves turgid
H,E_23_C,E,23,C,BH_1_10,BH_1,BH,1,10,NA,NA
H,E_23_D,E,23,D,IH_5_10,IH_5,IH,5,10,NA,NA
H,E_24_C,E,24,C,WL2_6_3,WL2_6,WL2,6,3,7/26/23,NA
H,E_24_D,E,24,D,YO8_8_10,YO8_8,YO8,8,10,7/26/23,NA
H,E_25_C,E,25,C,CP3_5_3,CP3_5,CP3,5,3,7/26/23,NA
H,E_25_D,E,25,D,SC_6_14,SC_6,SC,6,14,7/26/23,NA
H,E_26_C,E,26,C,CP2_2_8,CP2_2,CP2,2,8,7/26/23,NA
H,E_26_D,E,26,D,IH_6_10,IH_6,IH,6,10,NA,NA
H,E_27_C,E,27,C,BH_4_10,BH_4,BH,4,10,NA,8/16- wilted
H,E_27_D,E,27,D,LV1_8_9,LV1_8,LV1,8,9,NA,9/13 - no leaves stem turgid
H,E_28_C,E,28,C,SQ3_1_5,SQ3_1,SQ3,1,5,8/9/23,NA
H,E_28_D,E,28,D,YO7_4_10,YO7_4,YO7,4,10,8/2/23,NA
H,E_29_C,E,29,C,YO7_7_25,YO7_7,YO7,7,25,7/26/23,NA
H,E_29_D,E,29,D,IH_4_10,IH_4,IH,4,10,NA,NA
H,E_41_C,E,41,C,WL2_1_3,WL2_1,WL2,1,3,NA,9/13-leaves drying stem turgid / 9/27 powdery mil
H,E_41_D,E,41,D,LV3_5_6,LV3_5,LV3,5,6,10/13/23,9/6- no leaves 9/13-no eaves stem turgid
H,E_42_C,E,42,C,YO8_2_6,YO8_2,YO8,2,6,10/13/23,9/13- no leaves stem turgid
H,E_42_D,E,42,D,CC_3_10,CC_3,CC,3,10,NA,NA
H,E_43_C,E,43,C,YO4_2_11,YO4_2,YO4,2,11,NA,9/13 leaves drying stem turgid 9/27- - powdery mild
H,E_43_D,E,43,D,IH_1_10,IH_1,IH,1,10,NA,NA
H,E_44_C,E,44,C,LVTR1_2_8,LVTR1_2,LVTR1,2,8,NA,10/20 - powdery mildew 9/13- leaves drying stem turgid 9/27- - resprout
H,E_44_D,E,44,D,LV1_1_9,LV1_1,LV1,1,9,10/20/23,9/13 - no leaves stem turgid
H,E_45_C,E,45,C,DPR_3_2,DPR_3,DPR,3,2,NA,NA
H,E_45_D,E,45,D,DPR_3_14,DPR_3,DPR,3,14,NA,9/13 - stem broken 9/27 re sprouting
I,E_46_C,E,46,C,YO8_2_7,YO8_2,YO8,2,7,8/23/23,8/16-leaves yellow floppy
I,E_46_D,E,46,D,SQ3_2_6,SQ3_2,SQ3,2,6,7/26/23,NA
I,E_47_C,E,47,C,YO11_4_6,YO11_4,YO11,4,6,8/2/23,NA
I,E_47_D,E,47,D,SC_4_11,SC_4,SC,4,11,NA,NA
I,E_48_C,E,48,C,SQ1_2_10,SQ1_2,SQ1,2,10,7/26/23,NA
I,E_48_D,E,48,D,TM2_1_10,TM2_1,TM2,1,10,9/6/23,NA
I,E_49_C,E,49,C,DPR_8_15,DPR_8,DPR,8,15,8/2/23,NA
I,E_49_D,E,49,D,CC_4_11,CC_4,CC,4,11,NA,NA
I,E_50_C,E,50,C,CP2_7_3,CP2_7,CP2,7,3,10/13/23,9/20 -leaves dead 9/27 resprouting
I,E_50_D,E,50,D,IH_5_11,IH_5,IH,5,11,NA,NA
I,E_51_C,E,51,C,LVTR1_6_9,LVTR1_6,LVTR1,6,9,7/26/23,NA
I,E_51_D,E,51,D,BH_1_11,BH_1,BH,1,11,7/26/23,NA
J,F_2_A,F,2,A,LV1_8_11,LV1_8,LV1,8,11,8/9/23,NA
J,F_2_B,F,2,B,TM2_1_11,TM2_1,TM2,1,11,NA,10/13 - flowers/fruit dead /new buds. 9/27 - repro structures dead stem turgid
J,F_3_A,F,3,A,SC_7_6,SC_7,SC,7,6,NA,10/13 - heavy herbiv and resprout
J,F_3_B,F,3,B,CC_1_12,CC_1,CC,1,12,NA,10/13 - heavy herbiv and resprout
J,F_4_A,F,4,A,CC_2_12,CC_2,CC,2,12,NA,10/13- heavy herbiv and respraut
J,F_5_A,F,5,A,FR_4_11,FR_4,FR,4,11,8/30/23,8/23- Plant snapped
J,F_5_B,F,5,B,DPR_4_4,DPR_4,DPR,4,4,9/13/23,NA
J,F_6_A,F,6,A,YO8_1_8,YO8_1,YO8,1,8,8/9/23,NA
J,F_6_B,F,6,B,WL2_8_5,WL2_8,WL2,8,5,NA,9/27-heavy herb.
J,F_7_A,F,7,A,CP2_6_7,CP2_6,CP2,6,7,9/20/23,9/13-noleaves stemturgid
J,F_7_B,F,7,B,IH_1_12,IH_1,IH,1,12,NA,NA
J,F_8_A,F,8,A,DPR_1_4,DPR_1,DPR,1,4,NA,9/27- big leaves dying resprouting
J,F_8_B,F,8,B,YO7_1_11,YO7_1,YO7,1,11,8/9/23,NA
J,F_9_A,F,9,A,WL1_9_10,WL1_9,WL1,9,10,9/6/23,9/6 Stem snapped
J,F_9_B,F,9,B,CP3_2_3,CP3_2,CP3,2,3,9/20/23,9/13 -no leaves stemefloppy
I,F_10_A,F,10,A,YO11_6_5,YO11_6,YO11,6,5,9/6/23,NA
I,F_10_B,F,10,B,FR_6_8,FR_6,FR,6,8,10/20/23,8/30 plant snapped 9/27-no leavs 10/13-turgid
I,F_11_A,F,11,A,WL1_7_13,WL1_7,WL1,7,13,9/27/23,9/6-n0 leaves
I,F_11_B,F,11,B,LV1_1_10,LV1_1,LV1,1,10,8/2/23,NA
I,F_12_A,F,12,A,WL2_2_4,WL2_2,WL2,2,4,NA,9/6 resprouting. 10/20 - roots exposed
I,F_12_B,F,12,B,BH_5_11,BH_5,BH,5,11,8/9/23,NA
I,F_13_A,F,13,A,TM2_5_13,TM2_5,TM2,5,13,7/26/23,NA
I,F_13_B,F,13,B,CP2_1_9,CP2_1,CP2,1,9,8/23/23,NA
I,F_14_A,F,14,A,FR_4_10,FR_4,FR,4,10,7/26/23,NA
I,F_14_B,F,14,B,CP2_4_9,CP2_4,CP2,4,9,9/20/23,9/6 -no leaves
I,F_15_A,F,15,A,DPR_5_4,DPR_5,DPR,5,4,NA,10/13-heavy herbiv no leaves
I,F_15_B,F,15,B,YO4_4_3,YO4_4,YO4,4,3,10/13/23,9/13 - no leaves stem turgid 9/27- powdery mildev
I,F_16_A,F,16,A,SQ1_5_9,SQ1_5,SQ1,5,9,7/26/23,NA
[,F_16_B,F,16,B,FR_3_10,FR_3,FR,3,10,7/26/23,NA
I,F_17_A,F,17,A,CP3_3_4,CP3_3,CP3,3,4,7/26/23,NA
I,F_17_B,F,17,B,LVTR1_7_10,LVTR1_7,LVTR1,7,10,7/26/23,NA
I,F_18_A,F,18,A,DPR_3_3,DPR_3,DPR,3,3,NA,10/13- no leaves 9/27 - powdery mildew new leaves sprouting
I,F_18_B,F,18,B,YO7_5_6,YO7_5,YO7,5,6,NA,9/27-no leaves stem turgid 10/13-resprout
I,F_19_A,F,19,A,SC_6_11,SC_6,SC,6,11,10/13/23,10/13-hole where plant was
I,F_19_B,F,19,B,SQ2_8_4,SQ2_8,SQ2,8,4,7/26/23,no tag
I,F_20_A,F,20,A,DPR_1_3,DPR_1,DPR,1,3,NA,10/13 - mildew
I,F_20_B,F,20,B,WL1_9_4,WL1_9,WL1,9,4,NA,9/13-leayes drying stem turgid
I,F_21_A,F,21,A,SC_2_14,SC_2,SC,2,14,NA,NA
I,F_21_B,F,21,B,YO8_8_11,YO8_8,YO8,8,11,8/2/23,NA
I,F_22_A,F,22,A,YO11_5_4,YO11_5,YO11,5,4,8/9/23,NA
I,F_22_B,F,22,B,CP2_2_9,CP2_2,CP2,2,9,8/9/23,NA
I,F_23_A,F,23,A,DPR_4_3,DPR_4,DPR,4,3,8/9/23,NA
I,F_23_B,F,23,B,BH_3_11,BH_3,BH,3,11,NA,NA
I,F_24_A,F,24,A,TM2_2_4,TM2_2,TM2,2,4,NA,NA
I,F_24_B,F,24,B,LVTR1_5_7,LVTR1_5,LVTR1,5,7,7/26/23,NA
I,F_25_A,F,25,A,YO11_7_4,YO11_7,YO11,7,4,8/9/23,NA
I,F_25_B,F,25,B,YO8_6_11,YO8_6,YO8,6,11,7/26/23,NA
I,F_26_A,F,26,A,WL2_8_4,WL2_8,WL2,8,4,NA,NA
I,F_26_B,F,26,B,IH_7_11,IH_7,IH,7,11,NA,9/27 - Stem snapped. 10/13 - turgid
I,F_27_A,F,27,A,LVTR1_4_6,LVTR1_4,LVTR1,4,6,9/20/23,8/30-powdery mildew 9/6 -no leaves
I,F_27_B,F,27,B,LV1_6_10,LV1_6,LV1,6,10,8/2/23,NA
I,F_39_A,F,39,A,SQ2_2_6,SQ2_2,SQ2,2,6,NA,9/27-stem broken re sprouting
I,F_39_B,F,39,B,YO11_6_4,YO11_6,YO11,6,4,8/30/23,NA
I,F_40_A,F,40,A,LVTR1_8_16,LVTR1_8,LVTR1,8,16,9/13/23,8/30 powdery mildew 9/6-no leaves
I,F_41_A,F,41,A,CP3_6_4,CP3_6,CP3,6,4,9/20/23,9/13 no leaves stem turgid
I,F_41_B,F,41,B,CC_1_11,CC_1,CC,1,11,7/26/23,NA
I,F_42_A,F,42,A,WL2_5_4,WL2_5,WL2,5,4,NA,9/27 -no leaves Stem trugid. 10/20- respr.
I,F_42_B,F,42,B,CC_3_11,CC_3,CC,3,11,NA,NA
I,F_43_A,F,43,A,CC_5_11,CC_5,CC,5,11,8/2/23,NA
I,F_43_B,F,43,B,CC_8_11,CC_8,CC,8,11,NA,NA
I,F_44_A,F,44,A,CP2_5_9,CP2_5,CP2,5,9,9/20/23,9/13-no leaves stem turgid
I,F_44_B,F,44,B,TM2_7_21,TM2_7,TM2,7,21,NA,NA
I,F_45_A,F,45,A,WL1_2_12,WL1_2,WL1,2,12,8/9/23,NA
I,F_45_B,F,45,B,YO7_6_7,YO7_6,YO7,6,7,8/9/23,NA
J,F_2_C,F,2,C,IH_7_12,IH_7,IH,7,12,NA,NA
J,F_2_D,F,2,D,YO11_8_14,YO11_8,YO11,8,14,7/26/23,NA
J,F_3_C,F,3,C,WL1_7_18,WL1_7,WL1,7,18,NA,9/13- leaves drying stem turgid
J,F_3_D,F,3,D,WR_2_11,WR_2,WR,2,11,8/16/23,NA
J,F_4_C,F,4,C,TM2_7_4,TM2_7,TM2,7,4,NA,8/30- buds starting to open 10/13 - Stem snapped off
J,F_4_D,F,4,D,YO11_4_1,YO11_4,YO11,4,1,NA,9/13-leaves drying stem turgid 9/27-resprout
J,F_5_D,F,5,D,WL1_7_1,WL1_7,WL1,7,1,NA,9/27 -stem broken but turgid. 10/20-respr.
J,F_6_C,F,6,C,DPR_8_18,DPR_8,DPR,8,18,8/9/23,NA
J,F_6_D,F,6,D,LV1_1_11,LV1_1,LV1,1,11,7/26/23,NA
J,F_7_C,F,7,C,CP3_3_5,CP3_3,CP3,3,5,8/30/23,8/16 wilted
J,F_7_D,F,7,D,CP2_7_4,CP2_7,CP2,7,4,8/9/23,NA
J,F_8_C,F,8,C,SC_6_12,SC_6,SC,6,12,NA,NA
J,F_8_D,F,8,D,TM2_7_15,TM2_7,TM2,7,15,7/26/23,NA
J,F_9_C,F,9,C,LVTR1_6_14,LVTR1_6,LVTR1,6,14,8/9/23,NA
J,F_9_D,F,9,D,YO8_8_12,YO8_8,YO8,8,12,7/26/23,NA
I,F_10_D,F,10,D,WR_2_18,WR_2,WR,2,18,NA,9/27-no leaves Stem turgid
I,F_11_C,F,11,C,SQ2_6_4,SQ2_6,SQ2,6,4,9/27/23,9/13-no leaves Stem turgid
I,F_11_D,F,11,D,YO11_5_17,YO11_5,YO11,5,17,NA,9/13-no leaves Stem turgid
I,F_12_C,F,12,C,CP2_6_12,CP2_6,CP2,6,12,7/26/23,NA
I,F_12_D,F,12,D,YO11_1_4,YO11_1,YO11,1,4,NA,9/13- no leaves stem turgid
I,F_13_C,F,13,C,CP3_1_14,CP3_1,CP3,1,14,7/26/23,NA
I,F_13_D,F,13,D,SC_8_11,SC_8,SC,8,11,8/9/23,NA
I,F_14_C,F,14,C,SQ3_3_13,SQ3_3,SQ3,3,13,9/27/23,9/6-no leaves
I,F_14_D,F,14,D,CP3_7_2,CP3_7,CP3,7,2,7/26/23,NA
I,F_15_C,F,15,C,WL2_1_4,WL2_1,WL2,1,4,NA,9/27-no leaves Stem turgid. 10/20 respr.
I,F_15_D,F,15,D,CP3_5_4,CP3_5,CP3,5,4,8/9/23,NA
I,F_16_C,F,16,C,YO8_3_7,YO8_3,YO8,3,7,7/26/23,NA
I,F_17_C,F,17,C,TM2_7_3,TM2_7,TM2,7,3,8/9/23,NA
I,F_18_C,F,18,C,BH_7_11,BH_7,BH,7,11,NA,8/2 not dead
I,F_18_D,F,18,D,LV1_3_10,LV1_3,LV1,3,10,9/20/23,9/13-no leaves stem turgid
I,F_19_C,F,19,C,YO8_5_11,YO8_5,YO8,5,11,8/9/23,NA
I,F_19_D,F,19,D,WL2_7_4,WL2_7,WL2,7,4,NA,9/27 - big leaves dead resprout
I,F_20_C,F,20,C,DPR_6_10,DPR_6,DPR,6,10,7/26/23,NA
I,F_20_D,F,20,D,LVTR1_2_9,LVTR1_2,LVTR1,2,9,7/26/23,NA
I,F_21_C,F,21,C,IH_2_11,IH_2,IH,2,11,8/9/23,NA
I,F_21_D,F,21,D,FR_7_11,FR_7,FR,7,11,NA,10/13- no reproductive parts left. 9/20-buds leaves dying stem turgid
I,F_22_C,F,22,C,YO11_8_4,YO11_8,YO11,8,4,7/26/23,NA
I,F_22_D,F,22,D,DPR_8_7,DPR_8,DPR,8,7,7/26/23,NA
I,F_23_C,F,23,C,SC_2_23,SC_2,SC,2,23,NA,NA
I,F_23_D,F,23,D,LV1_2_10,LV1_2,LV1,2,10,7/26/23,NA
I,F_24_C,F,24,C,YO8_1_7,YO8_1,YO8,1,7,8/2/23,NA
I,F_24_D,F,24,D,WL2_3_4,WL2_3,WL2,3,4,8/9/23,NA
I,F_25_C,F,25,C,CP2_3_9,CP2_3,CP2,3,9,8/2/23,7/26: no leaves remaining
I,F_25_D,F,25,D,YO7_4_13,YO7_4,YO7,4,13,8/2/23,NA
I,F_26_C,F,26,C,TM2_4_5,TM2_4,TM2,4,5,8/9/23,NA
I,F_26_D,F,26,D,SC_2_11,SC_2,SC,2,11,7/26/23,NA
I,F_27_C,F,27,C,YO4_3_13,YO4_3,YO4,3,13,8/2/23,NA
I,F_27_D,F,27,D,YO4_2_12,YO4_2,YO4,2,12,7/26/23,NA
I,F_39_C,F,39,C,SQ2_4_12,SQ2_4,SQ2,4,12,8/9/23,NA
I,F_39_D,F,39,D,LV1_4_10,LV1_4,LV1,4,10,7/26/23,NA
I,F_40_C,F,40,C,LV3_7_2,LV3_7,LV3,7,2,7/26/23,NA
I,F_40_D,F,40,D,YO7_2_12,YO7_2,YO7,2,12,7/26/23,NA
I,F_41_C,F,41,C,WL2_6_4,WL2_6,WL2,6,4,NA,9/13- no leaves stem turgid 9/27- - resprout
I,F_41_D,F,41,D,YO7_6_18,YO7_6,YO7,6,18,7/26/23,NA
I,F_42_C,F,42,C,CP3_4_4,CP3_4,CP3,4,4,9/20/23,9/13-no leaves stem turgid
I,F_42_D,F,42,D,CP3_1_3,CP3_1,CP3,1,3,7/26/23,NA
I,F_43_C,F,43,C,CC_9_11,CC_9,CC,9,11,NA,8/9 - removed pink pick no buds
I,F_43_D,F,43,D,YO8_4_11,YO8_4,YO8,4,11,7/26/23,NA
I,F_44_C,F,44,C,IH_4_11,IH_4,IH,4,11,NA,NA
I,F_44_D,F,44,D,LV1_5_10,LV1_5,LV1,5,10,7/26/23,NA
I,F_45_C,F,45,C,BH_2_11,BH_2,BH,2,11,NA,NA
I,F_45_D,F,45,D,LVTR1_8_12,LVTR1_8,LVTR1,8,12,7/26/23,NA
I,F_46_C,F,46,C,LV3_5_7,LV3_5,LV3,5,7,NA,9/13-no leaves stem turgid
J,G_3_A,G,3,A,YO7_6_8,YO7_6,YO7,6,8,NA,9/27 no leaves stem turgid
J,G_3_B,G,3,B,TM2_3_1,TM2_3,TM2,3,1,NA,8/9 - removed pink pick no buds
J,G_4_A,G,4,A,YO11_5_5,YO11_5,YO11,5,5,9/20/23,9/13 - fungus/dying
J,G_4_B,G,4,B,YO11_7_5,YO11_7,YO11,7,5,8/30/23,NA
J,G_5_A,G,5,A,IH_3_12,IH_3,IH,3,12,8/30/23,8/23:Wilting
J,G_5_B,G,5,B,IH_4_12,IH_4,IH,4,12,NA,NA
J,G_6_A,G,6,A,WL2_1_5,WL2_1,WL2,1,5,9/13/23,NA
J,G_6_B,G,6,B,YO4_2_13,YO4_2,YO4,2,13,NA,9/20- leaves dying stem turgid
J,G_7_A,G,7,A,LVTR1_2_10,LVTR1_2,LVTR1,2,10,NA,9/20- leaves dying stem turgid
J,G_7_B,G,7,B,YO4_5_2,YO4_5,YO4,5,2,7/26/23,NA
J,G_8_A,G,8,A,YO7_6_15,YO7_6,YO7,6,15,NA,NA
J,G_8_B,G,8,B,SC_2_24,SC_2,SC,2,24,7/26/23,NA
J,G_9_A,G,9,A,BH_1_12,BH_1,BH,1,12,NA,NA
J,G_9_B,G,9,B,YO8_3_8,YO8_3,YO8,3,8,8/30/23,NA
J,G_10_A,G,10,A,SC_8_12,SC_8,SC,8,12,NA,NA
J,G_10_B,G,10,B,CP2_4_10,CP2_4,CP2,4,10,NA,9/13 - Stem fungus damage 9/27 no leaves
J,G_11_A,G,11,A,IH_5_12,IH_5,IH,5,12,NA,NA
J,G_11_B,G,11,B,LV3_3_4,LV3_3,LV3,3,4,9/20/23,9/13 - Stem turgid no leaves
J,G_12_A,G,12,A,CC_3_12,CC_3,CC,3,12,NA,8/16 alive no red pick
J,G_12_B,G,12,B,LV1_5_11,LV1_5,LV1,5,11,8/2/23,NA
J,G_13_A,G,13,A,YO7_4_7,YO7_4,YO7,4,7,8/2/23,NA
J,G_13_B,G,13,B,CP3_7_4,CP3_7,CP3,7,4,8/9/23,NA
J,G_14_A,G,14,A,DPR_3_4,DPR_3,DPR,3,4,NA,9/27- powdery mildew + resprouting
J,G_14_B,G,14,B,YO11_1_5,YO11_1,YO11,1,5,8/9/23,NA
J,G_15_A,G,15,A,BH_3_12,BH_3,BH,3,12,NA,NA
J,G_15_B,G,15,B,YO8_5_12,YO8_5,YO8,5,12,9/6/23,NA
J,G_16_A,G,16,A,CP2_5_10,CP2_5,CP2,5,10,10/20/23,8/30 heavy herbiv 9/27- resprout
J,G_16_B,G,16,B,LVTR1_5_10,LVTR1_5,LVTR1,5,10,8/9/23,NA
J,G_17_A,G,17,A,CC_9_12,CC_9,CC,9,12,NA,NA
J,G_17_B,G,17,B,WL2_3_5,WL2_3,WL2,3,5,NA,9/27- heavy herbiv and resprout
J,G_18_A,G,18,A,LV1_4_11,LV1_4,LV1,4,11,8/2/23,NA
J,G_18_B,G,18,B,BH_7_12,BH_7,BH,7,12,9/13/23,NA
J,G_19_A,G,19,A,YO7_5_18,YO7_5,YO7,5,18,NA,9/27- stem turgid no leaves. 10/20-respr.
J,G_19_B,G,19,B,LVTR1_7_11,LVTR1_7,LVTR1,7,11,7/26/23,NA
J,G_20_A,G,20,A,SQ2_4_11,SQ2_4,SQ2,4,11,8/9/23,NA
J,G_20_B,G,20,B,YO8_6_12,YO8_6,YO8,6,12,8/9/23,NA
J,G_21_A,G,21,A,SQ2_8_5,SQ2_8,SQ2,8,5,10/20/23,9/27 powdery mildew new sprouts
J,G_21_B,G,21,B,LVTR1_4_7,LVTR1_4,LVTR1,4,7,8/2/23,NA
J,G_22_A,G,22,A,FR_7_12,FR_7,FR,7,12,8/2/23,NA
J,G_22_B,G,22,B,YO7_7_8,YO7_7,YO7,7,8,8/16/23,NA
J,G_23_A,G,23,A,FR_3_2,FR_3,FR,3,2,9/6/23,NA
J,G_23_B,G,23,B,LV3_5_8,LV3_5,LV3,5,8,NA,9/27- - powdery mildew stem turgid. 10/20-respr
J,G_24_A,G,24,A,CP2_3_10,CP2_3,CP2,3,10,8/16/23,NA
J,G_24_B,G,24,B,SC_5_12,SC_5,SC,5,12,8/16/23,NA
J,G_25_A,G,25,A,DPR_8_8,DPR_8,DPR,8,8,8/9/23,NA
J,G_25_B,G,25,B,BH_2_12,BH_2,BH,2,12,NA,9/27- stem damage broken*
K,G_27_A,G,27,A,DPR_4_5,DPR_4,DPR,4,5,8/2/23,NA
K,G_27_B,G,27,B,FR_7_13,FR_7,FR,7,13,7/26/23,NA
K,G_28_A,G,28,A,SQ3_2_1,SQ3_2,SQ3,2,1,8/2/23,NA
K,G_28_B,G,28,B,TM2_2_3,TM2_2,TM2,2,3,NA,NA
K,G_29_A,G,29,A,YO4_1_12,YO4_1,YO4,1,12,8/2/23,NA
K,G_29_B,G,29,B,SQ3_6_4,SQ3_6,SQ3,6,4,8/9/23,NA
K,G_30_A,G,30,A,CC_8_13,CC_8,CC,8,13,8/9/23,NA
K,G_30_B,G,30,B,CP3_5_6,CP3_5,CP3,5,6,NA,9/6 - powdery mildew 9/27- - resprout
K,G_31_A,G,31,A,BH_7_13,BH_7,BH,7,13,NA,9/6-powdery mildew
K,G_31_B,G,31,B,SC_5_13,SC_5,SC,5,13,8/2/23,NA
K,G_32_A,G,32,A,CP3_2_8,CP3_2,CP3,2,8,NA,9/6 - powdery mildew 9/27- - resprout
K,G_32_B,G,32,B,YO11_5_6,YO11_5,YO11,5,6,8/9/23,NA
K,G_33_A,G,33,A,YO8_3_9,YO8_3,YO8,3,9,8/16/23,NA
K,G_33_B,G,33,B,WR_2_15,WR_2,WR,2,15,7/26/23,NA
K,G_34_A,G,34,A,WL2_3_6,WL2_3,WL2,3,6,NA,9/6 - powdery mildew 9/27- - resprout
K,G_34_B,G,34,B,LV1_1_12,LV1_1,LV1,1,12,NA,9/6 - powdery mildew 9/27- - no leaves stem turgid
K,G_35_A,G,35,A,CC_4_13,CC_4,CC,4,13,NA,NA
K,G_35_B,G,35,B,CP2_3_11,CP2_3,CP2,3,11,NA,9/6 - powdery mildew 9/27- - heavy herbiv
K,G_36_A,G,36,A,CP3_7_11,CP3_7,CP3,7,11,8/9/23,NA
K,G_36_B,G,36,B,CP3_4_6,CP3_4,CP3,4,6,NA,9/6 - powdery mildew 9/27- - resprout
K,G_37_A,G,37,A,YO7_7_9,YO7_7,YO7,7,9,NA,NA
K,G_37_B,G,37,B,BH_1_13,BH_1,BH,1,13,NA,NA
K,G_38_A,G,38,A,LVTR1_2_11,LVTR1_2,LVTR1,2,11,9/20/23,9/13- stem turgid no leaves
K,G_38_B,G,38,B,DPR_6_12,DPR_6,DPR,6,12,NA,NA
K,G_39_A,G,39,A,TM2_7_17,TM2_7,TM2,7,17,NA,NA
K,G_39_B,G,39,B,DPR_8_14,DPR_8,DPR,8,14,NA,NA
K,G_40_A,G,40,A,TM2_3_7,TM2_3,TM2,3,7,NA,9/6- powdery mildew
K,G_40_B,G,40,B,SQ2_6_18,SQ2_6,SQ2,6,18,7/26/23,NA
K,G_41_A,G,41,A,CP2_1_11,CP2_1,CP2,1,11,8/9/23,NA
K,G_41_B,G,41,B,IH_1_13,IH_1,IH,1,13,NA,NA
K,G_42_A -,G,42,A -,YO11_4_5,YO11_4,YO11,4,5,8/9/23,NA
K,G_42_B,G,42,B,LV1_5_12,LV1_5,LV1,5,12,NA,9/27 - Powdery mildew meristem. 10/20- no leaves
K,G_43_A,G,43,A,IH_6_13,IH_6,IH,6,13,NA,NA
K,G_43_B,G,43,B,BH_3_13,BH_3,BH,3,13,8/9/23,NA
J,G_3_C,G,3,C,SQ1_2_3,SQ1_2,SQ1,2,3,NA,9/27- no leaves stem turgid/10/20-respr.
J,G_3_D,G,3,D,WL1_2_4,WL1_2,WL1,2,4,9/20/23,9/6 -powdery mildew 9/27- no leaves stem turgid
J,G_4_C,G,4,C,CP3_5_5,CP3_5,CP3,5,5,NA,9/6 powdery mildew /10/13-resprout
J,G_4_D,G,4,D,YO4_3_12,YO4_3,YO4,3,12,9/20/23,9/6-powdery mildew 9/13 - no leaves
J,G_5_C,G,5,C,CP2_2_10,CP2_2,CP2,2,10,NA,9/6 -powdery mildew 9/27- no leaves stem turgid
J,G_5_D,G,5,D,YO7_5_7,YO7_5,YO7,5,7,NA,9/6-powdery mildew 9/27- - resprout
J,G_6_C,G,6,C,BH_5_12,BH_5,BH,5,12,NA,NA
J,G_6_D,G,6,D,IH_2_12,IH_2,IH,2,12,NA,NA
J,G_7_C,G,7,C,LV1_3_11,LV1_3,LV1,3,11,10/13/23,9/6 powdery mildew 9/20- no leaves stem turgid
J,G_7_D,G,7,D,BH_4_12,BH_4,BH,4,12,NA,NA
J,G_8_C,G,8,C,DPR_7_2,DPR_7,DPR,7,2,NA,9/6-powdery mildew 9/27- - resprout
J,G_8_D,G,8,D,CC_4_12,CC_4,CC,4,12,NA,9/6 powdery mildew
J,G_9_C,G,9,C,LV1_6_11,LV1_6,LV1,6,11,9/20/23,9/6-powdery mildew 9/13- no leaves
J,G_9_D,G,9,D,BH_6_12,BH_6,BH,6,12,NA,NA
J,G_10_C,G,10,C,CC_8_12,CC_8,CC,8,12,NA,NA
J,G_10_D,G,10,D,WL2_6_5,WL2_6,WL2,6,5,8/9/23,NA
J,G_11_C,G,11,C,WL2_2_5,WL2_2,WL2,2,5,NA,9/6-powdery mildew
J,G_11_D,G,11,D,WV_3_2,WV_3,WV,3,2,7/26/23,NA
J,G_12_C,G,12,C,SQ2_6_5,SQ2_6,SQ2,6,5,NA,9/6- powdery mildew 9/20- no leave stem turgid 9
J,G_12_D,G,12,D,CC_5_12,CC_5,CC,5,12,NA,NA
J,G_13_C,G,13,C,SQ2_1_3,SQ2_1,SQ2,1,3,NA,9/6 - powdery mildew
J,G_13_D,G,13,D,YO8_2_8,YO8_2,YO8,2,8,10/20/23,9/6 - powdery mildew 9/27 no leaves stem turgid
J,G_14_C,G,14,C,SC_2_12,SC_2,SC,2,12,NA,NA
J,G_14_D,G,14,D,SQ1_14_1,SQ1_14,SQ1,14,1,NA,9/6- powdery mildew. 10/13 - resprout
J,G_15_C,G,15,C,DPR_6_11,DPR_6,DPR,6,11,NA,9/6 powdery mildew 8/9 pink pick not budding
J,G_15_D,G,15,D,YO8_4_1,YO8_4,YO8,4,1,NA,9/6 - powdery mildew. 10/20-no leaves
J,G_16_C,G,16,C,TM2_5_5,TM2_5,TM2,5,5,NA,9/27- powdery mildew stem turgid no leaves
J,G_16_D,G,16,D,TM2_3_5,TM2_3,TM2,3,5,8/2/23,NA
J,G_17_C,G,17,C,CP3_1_4,CP3_1,CP3,1,4,NA,9/6 - powdery mildew 9/27 no leaves stem turgid
J,G_17_D,G,17,D,CP3_6_5,CP3_6,CP3,6,5,9/27/23,9/6 - powdery mildew
J,G_18_C,G,18,C,SQ3_7_5,SQ3_7,SQ3,7,5,7/26/23,NA
J,G_18_D,G,18,D,IH_6_12,IH_6,IH,6,12,7/26/23,NA
J,G_19_C,G,19,C,WL2_5_5,WL2_5,WL2,5,5,8/16/23,NA
J,G_19_D,G,19,D,YO11_8_5,YO11_8,YO11,8,5,7/26/23,NA
J,G_20_C,G,20,C,SC_4_12,SC_4,SC,4,12,7/26/23,NA
J,G_20_D,G,20,D,SQ3_1_4,SQ3_1,SQ3,1,4,7/26/23,NA
J,G_21_C,G,21,C,SQ3_3_7,SQ3_3,SQ3,3,7,NA,9/13- stem turgid no leaves
J,G_21_D,G,21,D,CP3_4_5,CP3_4,CP3,4,5,7/26/23,NA
J,G_22_C,G,22,C,LVTR1_8_13,LVTR1_8,LVTR1,8,13,7/26/23,NA
J,G_24_C,G,24,C,CP2_1_10,CP2_1,CP2,1,10,8/9/23,NA
J,G_24_D,G,24,D,LV1_2_11,LV1_2,LV1,2,11,7/26/23,NA
J,G_25_C,G,25,C,WL2_7_5,WL2_7,WL2,7,5,8/2/23,NA
J,G_25_D,G,25,D,LVTR1_6_10,LVTR1_6,LVTR1,6,10,7/26/23,NA
K,G_27_C,G,27,C,YO7_6_9,YO7_6,YO7,6,9,NA,NA
K,G_27_D,G,27,D,BH_5_13,BH_5,BH,5,13,8/2/23,NA
K,G_28_C,G,28,C,SC_2_13,SC_2,SC,2,13,7/26/23,NA
K,G_28_D,G,28,D,FR_5_8,FR_5,FR,5,8,7/26/23,NA
K,G_29_C,G,29,C,DPR_1_5,DPR_1,DPR,1,5,8/2/23,NA
K,G_29_D,G,29,D,LV1_4_12,LV1_4,LV1,4,12,7/26/23,NA
K,G_30_C,G,30,C,YO11_6_6,YO11_6,YO11,6,6,8/2/23,NA
K,G_30_D,G,30,D,CP2_5_11,CP2_5,CP2,5,11,8/9/23,NA
K,G_31_C,G,31,C,TM2_7_5,TM2_7,TM2,7,5,NA,8/9-pink pick not budding
K,G_31_D,G,31,D,LVTR1_7_13,LVTR1_7,LVTR1,7,13,7/26/23,NA
K,G_32_C,G,32,C,CC_2_13,CC_2,CC,2,13,9/13/23,NA
K,G_32_D,G,32,D,WL2_7_6,WL2_7,WL2,7,6,NA,NA
K,G_33_C,G,33,C,CP3_3_6,CP3_3,CP3,3,6,8/30/23,NA
K,G_33_D,G,33,D,YO8_2_9,YO8_2,YO8,2,9,7/26/23,NA
K,G_34_C,G,34,C,WL2_5_6,WL2_5,WL2,5,6,8/23/23,NA
K,G_34_D,G,34,D,YO8_8_13,YO8_8,YO8,8,13,7/26/23,NA
K,G_35_C,G,35,C,LV3_5_9,LV3_5,LV3,5,9,8/9/23,NA
K,G_35_D,G,35,D,SC_4_13,SC_4,SC,4,13,NA,NA
K,G_36_C,G,36,C,LV1_3_12,LV1_3,LV1,3,12,8/9/23,NA
K,G_36_D,G,36,D,SQ2_1_6,SQ2_1,SQ2,1,6,NA,10/13- - mildew/10/20 - no leaves
K,G_37_C,G,37,C,SQ3_6_11,SQ3_6,SQ3,6,11,8/30/23,8/23: all leaves snapped/chewed off
K,G_37_D,G,37,D,IH_7_13,IH_7,IH,7,13,NA,NA
K,G_38_C,G,38,C,CC_9_13,CC_9,CC,9,13,8/9/23,NA
K,G_38_D,G,38,D,LVTR1_5_5,LVTR1_5,LVTR1,5,5,7/26/23,NA
K,G_39_C,G,39,C,DPR_3_5,DPR_3,DPR,3,5,7/26/23,7/19 stem broken
K,G_39_D,G,39,D,CP2_7_5,CP2_7,CP2,7,5,8/9/23,NA
K,G_40_C,G,40,C,BH_2_13,BH_2,BH,2,13,NA,9/27 - Powdery mildew
K,G_40_D,G,40,D,SQ2_6_6,SQ2_6,SQ2,6,6,NA,9/6- powdery mildew 9/27- - resprout
K,G_41_C,G,41,C,WL1_3_10,WL1_3,WL1,3,10,NA,10/13- resprout 9/6- powdery mildew 9/20- no leaves/stem turgid
K,G_41_D,G,41,D,YO8_1_9,YO8_1,YO8,1,9,NA,10/13-resprout 9/6- powdery mildew 9/27- no leaves/stem turgid
K,G_42_C,G,42,C,SC_2_27,SC_2,SC,2,27,NA,NA
K,G_42_D,G,42,D,LVTR1_7_17,LVTR1_7,LVTR1,7,17,7/26/23,NA
K,G_43_C,G,43,C,YO11_8_6,YO11_8,YO11,8,6,9/20/23,9/13 - Stem broken no leaves
K,G_43_D,G,43,D,WL1_9_2,WL1_9,WL1,9,2,NA,9/27 - Powdery mildew /10/13-resprout
L,H_1_B,H,1,B,DPR_8_10,DPR_8,DPR,8,10,NA,NA
L,H_2_A,H,2,A,LV1_5_13,LV1_5,LV1,5,13,8/2/23,NA
L,H_2_B,H,2,B,WL2_5_7,WL2_5,WL2,5,7,8/30/23,NA
L,H_3_A,H,3,A,CP2_6_13,CP2_6,CP2,6,13,10/20/23,9/6- powdery mildew 9/27- no leaves/stem turgid
L,H_3_B,H,3,B,CC_8_1,CC_8,CC,8,1,8/9/23,NA
L,H_4_A,H,4,A,BH_6_1,BH_6,BH,6,1,NA,NA
L,H_4_B,H,4,B,SQ3_4_4,SQ3_4,SQ3,4,4,8/2/23,NA
L,H_5_A,H,5,A,SC_4_1,SC_4,SC,4,1,NA,NA
L,H_5_B,H,5,B,CP3_3_7,CP3_3,CP3,3,7,8/2/23,NA
L,H_6_A,H,6,A,YO7_7_10,YO7_7,YO7,7,10,NA,10/20-Fully respr. 9/6- powdery mildew 9/27- no leaves/stem turgid
L,H_6_B,H,6,B,SC_2_26,SC_2,SC,2,26,NA,NA
L,H_7_A,H,7,A,IH_6_1,IH_6,IH,6,1,NA,9/13-stem partially broken /10/20 leaves dead
L,H_8_A,H,8,A,CP2_5_12,CP2_5,CP2,5,12,NA,10/20-respr. 9/6-powdery mildew 9/27- no leaves/stem turgid
L,H_8_B,H,8,B,YO8_5_14,YO8_5,YO8,5,14,NA,9/6- powdery mildew 9/27- no leaves/stem turgid
L,H_9_B,H,9,B,WL2_8_7,WL2_8,WL2,8,7,NA,9/6- powdery mildew 9/27- - resprout
L,H_10_B,H,10,B,CP3_2_11,CP3_2,CP3,2,11,NA,9/6- powdery mildew 9/27- no leaves/stem turgid
L,H_11_B,H,11,B,IH_2_1,IH_2,IH,2,1,NA,NA
L,H_12_B,H,12,B,SC_2_1,SC_2,SC,2,1,NA,NA
L,H_13_A,H,13,A,TM2_2_6,TM2_2,TM2,2,6,NA,NA
L,H_13_B,H,13,B,DPR_6_13,DPR_6,DPR,6,13,NA,9/27-heavy herb new Sprouts
L,H_15_B,H,15,B,SQ3_3_5,SQ3_3,SQ3,3,5,NA,9/20-no leaves stem turgid 9/27- - resprout
L,H_17_A,H,17,A,CP3_3_15,CP3_3,CP3,3,15,7/26/23,NA
L,H_17_B,H,17,B,CC_1_1,CC_1,CC,1,1,NA,NA
K,H_18_A,H,18,A,FR_6_9,FR_6,FR,6,9,NA,9/13-powdery Mildew /10/20 -no leaves
K,H_18_B,H,18,B,YO8_2_10,YO8_2,YO8,2,10,NA,9/13 - severe - herb. damage /10/13-resprout
K,H_19_A,H,19,A,LV3_7_4,LV3_7,LV3,7,4,NA,9/27- heavy herbiv no leaves stem turgid
K,H_19_B,H,19,B,YO8_6_13,YO8_6,YO8,6,13,8/2/23,NA
K,H_20_A,H,20,A,LV1_8_12,LV1_8,LV1,8,12,8/9/23,NA
K,H_20_B,H,20,B,BH_4_13,BH_4,BH,4,13,8/9/23,NA
K,H_21_A,H,21,A,YO8_4_3,YO8_4,YO8,4,3,8/2/23,NA
K,H_21_B,H,21,B,TM2_1_12,TM2_1,TM2,1,12,NA,10/20-removed FR date from 10/13-fruit not elongated. 9/13 - some dead buds
K,H_22_A,H,22,A,FR_6_4,FR_6,FR,6,4,7/26/23,NA
K,H_22_B,H,22,B,LV3_7_3,LV3_7,LV3,7,3,7/26/23,NA
K,H_23_A,H,23,A,YO4_5_3,YO4_5,YO4,5,3,NA,9/27- powdery mildew heavy herbiv
K,H_23_B,H,23,B,WL2_8_6,WL2_8,WL2,8,6,8/9/23,NA
K,H_24_A,H,24,A,CP2_4_11,CP2_4,CP2,4,11,8/9/23,NA
K,H_24_B,H,24,B,CP2_4_14,CP2_4,CP2,4,14,NA,10/13 - -resprout 9/20-powdery mildew 9/27- no leaves stem turgid
K,H_25_A,H,25,A,YO7_3_3,YO7_3,YO7,3,3,7/26/23,NA
K,H_25_B,H,25,B,SC_4_14,SC_4,SC,4,14,NA,NA
K,H_26_A,H,26,A,CP3_1_5,CP3_1,CP3,1,5,8/2/23,NA
K,H_26_B,H,26,B,YO7_7_21,YO7_7,YO7,7,21,7/26/23,NA
K,H_27_A,H,27,A,TM2_6_10,TM2_6,TM2,6,10,NA,NA
K,H_27_B,H,27,B,WL2_1_6,WL2_1,WL2,1,6,8/2/23,NA
K,H_28_A,H,28,A,CP3_6_6,CP3_6,CP3,6,6,NA,9/6-powdery mildew /10/13-resprout
K,H_28_B,H,28,B,WL2_6_6,WL2_6,WL2,6,6,8/16/23,NA
K,H_29_A,H,29,A,WL1_7_2,WL1_7,WL1,7,2,NA,9/6 powdery mildew 9/27- resprout
K,H_29_B,H,29,B,YO11_6_16,YO11_6,YO11,6,16,8/2/23,NA
K,H_30_A,H,30,A,LVTR1_4_5,LVTR1_4,LVTR1,4,5,8/2/23,NA
K,H_30_B,H,30,B,IH_3_13,IH_3,IH,3,13,8/9/23,NA
K,H_31_A,H,31,A,YO7_4_11,YO7_4,YO7,4,11,NA,NA
K,H_31_B,H,31,B,FR_4_12,FR_4,FR,4,12,8/2/23,NA
K,H_32_A,H,32,A,BH_6_13,BH_6,BH,6,13,8/16/23,NA
K,H_32_B,H,32,B,CC_5_13,CC_5,CC,5,13,NA,9/13- leaves dying 9/27- resprout
K,H_33_A,H,33,A,CP3_1_6,CP3_1,CP3,1,6,8/30/23,NA
K,H_33_B,H,33,B,YO8_6_1,YO8_6,YO8,6,1,7/26/23,NA
K,H_34_A,H,34,A,WL2_2_7,WL2_2,WL2,2,7,NA,9/6- powdery mildew
L,H_1_D,H,1,D,LV3_5_10,LV3_5,LV3,5,10,8/16/23,NA
L,H_3_C,H,3,C,YO7_7_15,YO7_7,YO7,7,15,NA,NA
L,H_3_D,H,3,D,YO7_5_9,YO7_5,YO7,5,9,NA,NA
L,H_4_D,H,4,D,LVTR1_8_25,LVTR1_8,LVTR1,8,25,7/26/23,NA
L,H_5_D,H,5,D,YO8_1_10,YO8_1,YO8,1,10,7/26/23,NA
L,H_6_C,H,6,C,TM2_5_11,TM2_5,TM2,5,11,NA,10/13- resprout. 8/30 bud starting to open 9/13- plant dying 9/27-
L,H_6_D,H,6,D,CP2_7_6,CP2_7,CP2,7,6,7/26/23,NA
L,H_7_D,H,7,D,CC_5_1,CC_5,CC,5,1,8/9/23,NA
L,H_8_C,H,8,C,DPR_3_6,DPR_3,DPR,3,6,8/23/23,NA
L,H_8_D,H,8,D,YO4_2_14,YO4_2,YO4,2,14,7/26/23,NA
L,H_9_C,H,9,C,YO11_8_7,YO11_8,YO11,8,7,8/30/23,NA
L,H_9_D,H,9,D,SQ3_7_7,SQ3_7,SQ3,7,7,7/26/23,NA
L,H_10_C,H,10,C,YO8_8_1,YO8_8,YO8,8,1,9/13/23,NA
L,H_10_D,H,10,D,SQ2_4_6,SQ2_4,SQ2,4,6,7/26/23,NA
L,H_11_C,H,11,C,IH_4_1,IH_4,IH,4,1,NA,NA
L,H_12_C,H,12,C,YO7_4_1,YO7_4,YO7,4,1,NA,NA
L,H_13_C,H,13,C,WL1_7_3,WL1_7,WL1,7,3,NA,9/6- powdery mildew 9/27- resprout /10/13- no leaves
L,H_14_D,H,14,D,WR_2_21,WR_2,WR,2,21,7/26/23,NA
L,H_15_C,H,15,C,CC_3_1,CC_3,CC,3,1,8/23/23,NA
L,H_15_D,H,15,D,CP2_1_12,CP2_1,CP2,1,12,NA,9/20 - leaves dead stem turgid/10/20-respr.
L,H_16_D,H,16,D,SC_8_1,SC_8,SC,8,1,NA,NA
L,H_17_D,H,17,D,YO7_7_26,YO7_7,YO7,7,26,7/26/23,NA
K,H_18_C,H,18,C,WL2_3_7,WL2_3,WL2,3,7,8/2/23,NA
K,H_18_D,H,18,D,LVTR1_2_12,LVTR1_2,LVTR1,2,12,8/2/23,NA
K,H_19_C,H,19,C,SC_6_1,SC_6,SC,6,1,7/26/23,NA
K,H_19_D,H,19,D,SQ1_3_6,SQ1_3,SQ1,3,6,8/2/23,NA
K,H_20_C,H,20,C,SQ2_8_6,SQ2_8,SQ2,8,6,7/26/23,NA
K,H_20_D,H,20,D,CP2_2_11,CP2_2,CP2,2,11,NA,9/20-Powdery Mildew 9/27- no leaves stem turgid
K,H_21_C,H,21,C,CC_3_13,CC_3,CC,3,13,NA,NA
K,H_21_D,H,21,D,YO11_7_6,YO11_7,YO11,7,6,NA,9/6-powdery mildew 9/27 resprout
K,H_22_C,H,22,C,LV1_6_12,LV1_6,LV1,6,12,8/2/23,NA
K,H_22_D,H,22,D,YO4_2_1,YO4_2,YO4,2,1,NA,9/6-powdery mildew 9/27- - resprout
K,H_23_C,H,23,C,WL1_7_19,WL1_7,WL1,7,19,8/9/23,NA
K,H_23_D,H,23,D,LVTR1_6_11,LVTR1_6,LVTR1,6,11,NA,9/20-leaves dying 9/27- no leaves stem turgid
K,H_24_C,H,24,C,CC_1_13,CC_1,CC,1,13,7/26/23,NA
K,H_24_D,H,24,D,SC_6_13,SC_6,SC,6,13,NA,NA
K,H_25_C,H,25,C,LV1_2_12,LV1_2,LV1,2,12,7/26/23,NA
K,H_25_D,H,25,D,YO11_1_6,YO11_1,YO11,1,6,9/20/23,9/6-powdery mildew
K,H_26_C,H,26,C,DPR_8_9,DPR_8,DPR,8,9,NA,9/6-powdery mildew
K,H_26_D,H,26,D,YO7_5_8,YO7_5,YO7,5,8,8/9/23,NA
K,H_27_C,H,27,C,WL2_2_6,WL2_2,WL2,2,6,8/9/23,NA
K,H_27_D,H,27,D,TM2_5_7,TM2_5,TM2,5,7,8/2/23,NA
K,H_28_C,H,28,C,YO8_5_13,YO8_5,YO8,5,13,7/26/23,NA
K,H_28_D,H,28,D,SQ1_14_11,SQ1_14,SQ1,14,11,NA,9/13- powdery mildew
K,H_29_C,H,29,C,YO7_4_8,YO7_4,YO7,4,8,7/26/23,NA
K,H_29_D,H,29,D,SC_8_13,SC_8,SC,8,13,8/9/23,NA
K,H_30_C,H,30,C,DPR_5_5,DPR_5,DPR,5,5,8/2/23,NA
K,H_30_D,H,30,D,IH_4_13,IH_4,IH,4,13,7/26/23,NA
K,H_31_C,H,31,C,IH_5_13,IH_5,IH,5,13,NA,NA
K,H_31_D,H,31,D,SQ2_6_21,SQ2_6,SQ2,6,21,7/26/23,NA
K,H_32_C,H,32,C,SQ1_5_2,SQ1_5,SQ1,5,2,8/9/23,NA
K,H_32_D,H,32,D,IH_2_13,IH_2,IH,2,13,7/26/23,NA
K,H_33_C,H,33,C,CP2_3_12,CP2_3,CP2,3,12,8/2/23,NA
K,H_33_D,H,33,D,SQ2_13_9,SQ2_13,SQ2,13,9,8/9/23,NA
K,H_34_C,H,34,C,LVTR1_6_12,LVTR1_6,LVTR1,6,12,9/27/23,10/13 - already had red pick
L,I_2_B,I,2,B,LV1_6_13,LV1_6,LV1,6,13,7/26/23,NA
L,I_3_B,I,3,B,CP3_5_7,CP3_5,CP3,5,7,NA,9/6-powdery mildew /10/13 - no leaves
L,I_4_A,I,4,A,SQ2_6_7,SQ2_6,SQ2,6,7,8/2/23,NA
L,I_4_B,I,4,B,YO8_3_10,YO8_3,YO8,3,10,8/2/23,NA
L,I_5_A,I,5,A,WL1_3_8,WL1_3,WL1,3,8,7/26/23,NA
L,I_5_B,I,5,B,YO7_6_10,YO7_6,YO7,6,10,7/26/23,NA
L,I_6_A,I,6,A,FR_5_5,FR_5,FR,5,5,7/26/23,NA
L,I_6_B,I,6,B,BH_7_1,BH_7,BH,7,1,8/23/23,NA
L,I_7_A,I,7,A,YO11_6_7,YO11_6,YO11,6,7,10/20/23,9/6-powdery mildew /10/13-no leaves
L,I_7_B,I,7,B,DPR_4_6,DPR_4,DPR,4,6,NA,NA
L,I_8_A,I,8,A,WL1_7_16,WL1_7,WL1,7,16,8/9/23,NA
L,I_8_B,I,8,B,CC_9_1,CC_9,CC,9,1,NA,NA
L,I_9_A,I,9,A,WL2_7_7,WL2_7,WL2,7,7,NA,9/27- powdery mildew
L,I_9_B,I,9,B,SQ2_8_7,SQ2_8,SQ2,8,7,8/9/23,NA
L,I_10_A,I,10,A,CP2_4_12,CP2_4,CP2,4,12,10/13/23,9/6-powdery mildew
L,I_10_B,I,10,B,CC_4_1,CC_4,CC,4,1,NA,NA
L,I_11_A,I,11,A,DPR_5_9,DPR_5,DPR,5,9,8/2/23,NA
L,I_11_B,I,11,B,LVTR1_3_7,LVTR1_3,LVTR1,3,7,8/2/23,NA
L,I_12_A,I,12,A,IH_1_1,IH_1,IH,1,1,NA,NA
L,I_12_B,I,12,B,IH_7_1,IH_7,IH,7,1,NA,10/20 - top of seem dead /respr at bottom
L,I_13_A,I,13,A,YO11_4_10,YO11_4,YO11,4,10,8/2/23,NA
L,I_13_B,I,13,B,LV1_3_13,LV1_3,LV1,3,13,8/9/23,NA
L,I_14_A,I,14,A,LV1_1_13,LV1_1,LV1,1,13,8/2/23,NA
L,I_14_B,I,14,B,TM2_1_13,TM2_1,TM2,1,13,8/9/23,NA
L,I_15_A,I,15,A,BH_5_1,BH_5,BH,5,1,8/2/23,7/19- stem broken
L,I_15_B,I,15,B,FR_4_13,FR_4,FR,4,13,8/2/23,NA
L,I_16_A,I,16,A,SQ1_2_11,SQ1_2,SQ1,2,11,8/2/23,NA
L,I_16_B,I,16,B,BH_2_1,BH_2,BH,2,1,NA,NA
L,I_17_A,I,17,A,YO8_5_1,YO8_5,YO8,5,1,NA,10/20-respr. 10/13-no live leaves.  9/13- powdery mildew live leaves
L,I_17_B,I,17,B,LV1_2_13,LV1_2,LV1,2,13,7/26/23,NA
L,I_18_A,I,18,A,BH_1_1,BH_1,BH,1,1,NA,NA
L,I_18_B,I,18,B,TM2_6_9,TM2_6,TM2,6,9,7/26/23,NA
M,I_19_A,I,19,A,YO11_7_8,YO11_7,YO11,7,8,NA,10/20- respr. 10/13 no live leaves 9/27-powdery mildew
M,I_19_B,I,19,B,WL2_1_8,WL2_1,WL2,1,8,8/2/23,NA
M,I_20_A,I,20,A,SQ2_1_7,SQ2_1,SQ2,1,7,8/2/23,NA
M,I_20_B,I,20,B,YO7_5_19,YO7_5,YO7,5,19,8/9/23,NA
M,I_21_A,I,21,A,DPR_8_17,DPR_8,DPR,8,17,10/20/23,9/6- no leaves
M,I_21_B,I,21,B,WL1_7_21,WL1_7,WL1,7,21,9/20/23,9/6- no leaves 9/13- dying
M,I_22_A,I,22,A,LV1_3_1,LV1_3,LV1,3,1,8/2/23,NA
M,I_22_B,I,22,B,CP2_3_13,CP2_3,CP2,3,13,NA,9/20-powdery mildew. 10/20-big leaves dead/respr.
L,I_2_D,I,2,D,WL2_1_7,WL2_1,WL2,1,7,7/26/23,NA
L,I_3_C,I,3,C,YO11_1_7,YO11_1,YO11,1,7,NA,9/27-bare stem powdery mildew/10/20-respr.
L,I_3_D,I,3,D,BH_4_1,BH_4,BH,4,1,NA,NA
L,I_4_D,I,4,D,SC_4_16,SC_4,SC,4,16,8/16/23,NA
L,I_5_C,I,5,C,LVTR1_4_12,LVTR1_4,LVTR1,4,12,NA,10/13 - no leaves
L,I_6_C,I,6,C,YO11_7_7,YO11_7,YO11,7,7,NA,9/13- powdery mildew 9/20- no leaves 10/20 - respr.
L,I_6_D,I,6,D,LV1_4_13,LV1_4,LV1,4,13,7/26/23,NA
L,I_7_C,I,7,C,DPR_1_6,DPR_1,DPR,1,6,7/26/23,NA
L,I_7_D,I,7,D,BH_3_1,BH_3,BH,3,1,8/2/23,NA
L,I_8_C,I,8,C,IH_3_1,IH_3,IH,3,1,8/9/23,NA
L,I_8_D,I,8,D,LVTR1_8_18,LVTR1_8,LVTR1,8,18,7/26/23,NA
L,I_9_C,I,9,C,DPR_6_20,DPR_6,DPR,6,20,NA,9/27- powdery mildew. 10/20 old leaves dead/ respr.
L,I_9_D,I,9,D,YO11_8_15,YO11_8,YO11,8,15,7/26/23,NA
L,I_10_C,I,10,C,CP3_6_7,CP3_6,CP3,6,7,8/9/23,NA
L,I_10_D,I,10,D,YO4_4_1,YO4_4,YO4,4,1,7/26/23,NA
L,I_11_C,I,11,C,LV1_8_13,LV1_8,LV1,8,13,7/26/23,NA
L,I_11_D,I,11,D,FR_7_1,FR_7,FR,7,1,10/13/23,9/13- leaves dying 9/27-no leaves
L,I_12_C,I,12,C,SC_5_1,SC_5,SC,5,1,8/9/23,NA
L,I_12_D,I,12,D,YO11_5_7,YO11_5,YO11,5,7,7/26/23,NA
L,I_13_C,I,13,C,WL1_9_1,WL1_9,WL1,9,1,NA,9/20 - powdery mildew /10/13 - no leaves
L,I_13_D,I,13,D,CP3_4_7,CP3_4,CP3,4,7,7/26/23,NA
L,I_14_C,I,14,C,TM2_3_8,TM2_3,TM2,3,8,8/9/23,NA
L,I_14_D,I,14,D,TM2_7_6,TM2_7,TM2,7,6,7/26/23,NA
L,I_15_C,I,15,C,LVTR1_8_1,LVTR1_8,LVTR1,8,1,7/26/23,NA
L,I_15_D,I,15,D,IH_5_1,IH_5,IH,5,1,7/26/23,NA
L,I_16_C,I,16,C,YO7_2_10,YO7_2,YO7,2,10,8/2/23,NA
L,I_16_D,I,16,D,CP2_2_12,CP2_2,CP2,2,12,7/26/23,NA
L,I_17_C,I,17,C,CC_2_1,CC_2,CC,2,1,8/9/23,NA
L,I_17_D,I,17,D,WL2_6_7,WL2_6,WL2,6,7,7/26/23,NA
L,I_18_C,I,18,C,YO4_2_2,YO4_2,YO4,2,2,8/9/23,NA
M,I_19_C,I,19,C,SC_2_22,SC_2,SC,2,22,7/26/23,NA
M,I_19_D,I,19,D,YO7_6_11,YO7_6,YO7,6,11,7/26/23,NA
M,I_20_C,I,20,C,CP3_2_5,CP3_2,CP3,2,5,7/26/23,NA
M,I_20_D,I,20,D,IH_2_2,IH_2,IH,2,2,8/2/23,NA
M,I_21_C,I,21,C,CP2_5_13,CP2_5,CP2,5,13,8/9/23,NA
M,I_21_D,I,21,D,WL2_6_8,WL2_6,WL2,6,8,7/26/23,NA
M,I_22_C,I,22,C,BH_1_2,BH_1,BH,1,2,7/26/23,NA
M,I_22_D,I,22,D,CC_4_2,CC_4,CC,4,2,8/2/23,NA
M,J_3_A,J,3,A,CP2_7_14,CP2_7,CP2,7,14,NA,9/13 - powdery mildew /10/13 - no live leaves
M,J_3_B,J,3,B,CP3_5_8,CP3_5,CP3,5,8,NA,9/13 powdery mildew /10/13 - no leaves -
M,J_4_A,J,4,A,YO7_3_8,YO7_3,YO7,3,8,NA,NA
M,J_4_B,J,4,B,DPR_3_7,DPR_3,DPR,3,7,8/9/23,NA
M,J_5_A,J,5,A,TM2_2_11,TM2_2,TM2,2,11,NA,NA
M,J_5_B,J,5,B,IH_3_2,IH_3,IH,3,2,8/23/23,NA
M,J_6_A,J,6,A,LV1_2_1,LV1_2,LV1,2,1,NA,9/20- no leaves stem turgid/10/13-newleaf
M,J_6_B,J,6,B,SC_5_2,SC_5,SC,5,2,NA,9/6-powdery mildew
M,J_7_A,J,7,A,SQ2_8_8,SQ2_8,SQ2,8,8,8/2/23,NA
M,J_7_B,J,7,B,BH_2_2,BH_2,BH,2,2,NA,NA
M,J_8_A,J,8,A,BH_5_2,BH_5,BH,5,2,NA,NA
M,J_8_B,J,8,B,WL1_2_13,WL1_2,WL1,2,13,7/26/23,NA
M,J_9_A,J,9,A,FR_7_2,FR_7,FR,7,2,8/9/23,NA
M,J_9_B,J,9,B,CP3_1_7,CP3_1,CP3,1,7,8/2/23,NA
M,J_10_A,J,10,A,BH_4_2,BH_4,BH,4,2,NA,NA
M,J_10_B,J,10,B,DPR_4_7,DPR_4,DPR,4,7,NA,9/27- powdery mildew
M,J_11_A,J,11,A,LV1_4_1,LV1_4,LV1,4,1,NA,10/13-no leaves
M,J_11_B,J,11,B,CP2_1_13,CP2_1,CP2,1,13,7/26/23,NA
M,J_12_A,J,12,A,SQ2_6_15,SQ2_6,SQ2,6,15,NA,9/27-powdery mildew
M,J_12_B,J,12,B,WL1_9_9,WL1_9,WL1,9,9,NA,10/20.respr. 9/27-powdery mildew /10/13-no live leaves
M,J_13_A,J,13,A,CP2_7_7,CP2_7,CP2,7,7,NA,10/20-no leaves
M,J_13_B,J,13,B,LVTR1_3_2,LVTR1_3,LVTR1,3,2,8/2/23,NA
M,J_14_A,J,14,A,LVTR1_2_13,LVTR1_2,LVTR1,2,13,8/2/23,NA
M,J_14_B,J,14,B,WL2_5_8,WL2_5,WL2,5,8,NA,10/20-powdery mildew
M,J_15_A,J,15,A,YO7_7_11,YO7_7,YO7,7,11,NA,NA
M,J_15_B,J,15,B,LV3_7_7,LV3_7,LV3,7,7,NA,10/13-no leaves
M,J_16_A,J,16,A,CP3_4_8,CP3_4,CP3,4,8,8/2/23,NA
M,J_16_B,J,16,B,SC_2_2,SC_2,SC,2,2,NA,NA
M,J_17_A,J,17,A,YO8_1_11,YO8_1,YO8,1,11,8/9/23,NA
M,J_17_B,J,17,B,TM2_5_12,TM2_5,TM2,5,12,NA,10/20-removed blue Pick from 10/13 still 2 buds
M,J_18_A,J,18,A,DPR_1_7,DPR_1,DPR,1,7,8/30/23,NA
M,J_18_B,J,18,B,SC_8_2,SC_8,SC,8,2,NA,NA
M,J_3_C,J,3,C,SQ3_2_12,SQ3_2,SQ3,2,12,8/9/23,NA
M,J_3_D,J,3,D,CC_8_2,CC_8,CC,8,2,NA,NA
M,J_4_C,J,4,C,FR_2_10,FR_2,FR,2,10,NA,9/20 - leaves dead stem turgid
M,J_4_D,J,4,D,TM2_7_7,TM2_7,TM2,7,7,NA,10/20- tiny bud growing- removed last FL and FR date from 10/13
M,J_5_C,J,5,C,YO4_3_4,YO4_3,YO4,3,4,NA,9/13-powdery midew /10/13 - no live leaves
M,J_5_D,J,5,D,SQ3_6_13,SQ3_6,SQ3,6,13,NA,9/27 resprout 9/6-powdery mildew
M,J_6_C,J,6,C,CC_2_2,CC_2,CC,2,2,NA,NA
M,J_6_D,J,6,D,YO8_8_2,YO8_8,YO8,8,2,NA,10/20 - respr. 9/6-powdery mildew /10/13 no leaves
M,J_7_C,J,7,C,YO7_6_16,YO7_6,YO7,6,16,8/2/23,NA
M,J_7_D,J,7,D,YO7_5_10,YO7_5,YO7,5,10,NA,9/20- powdery mildew. 10/20- top leaves dead - respr.
M,J_8_D,J,8,D,YO11_6_8,YO11_6,YO11,6,8,NA,9/6-powdery mildew 9/20- no leaves 10/13-resprout
M,J_9_C,J,9,C,CP2_4_13,CP2_4,CP2,4,13,NA,9/27- heavy herbiv /10/13-no leaves
M,J_9_D,J,9,D,FR_4_1,FR_4,FR,4,1,NA,9/13 - green mold /10/13-no leaves
M,J_10_C,J,10,C,SQ1_14_3,SQ1_14,SQ1,14,3,NA,NA
M,J_10_D,J,10,D,TM2_3_10,TM2_3,TM2,3,10,8/30/23,8/30- likely herbiv no fruits
M,J_11_C,J,11,C,YO11_1_8,YO11_1,YO11,1,8,NA,9/20-powdery mildew 10/13--no live leaves
M,J_11_D,J,11,D,IH_5_2,IH_5,IH,5,2,NA,NA
M,J_12_C,J,12,C,LV1_6_1,LV1_6,LV1,6,1,NA,10/20 - powdery mildew
M,J_12_D,J,12,D,LVTR1_8_3,LVTR1_8,LVTR1,8,3,NA,10/13 - no leaves
M,J_13_C,J,13,C,BH_6_2,BH_6,BH,6,2,NA,NA
M,J_13_D,J,13,D,WL2_3_8,WL2_3,WL2,3,8,NA,10/20-powdery mildew
M,J_14_C,J,14,C,YO8_5_2,YO8_5,YO8,5,2,NA,10/13 - powdery mildow
M,J_14_D,J,14,D,YO8_6_2,YO8_6,YO8,6,2,NA,9/13 - powdery mildew/10/13 no leaves
M,J_15_C,J,15,C,LV1_5_1,LV1_5,LV1,5,1,8/2/23,NA
M,J_15_D,J,15,D,DPR_5_3,DPR_5,DPR,5,3,8/30/23,NA
M,J_16_C,J,16,C,BH_7_2,BH_7,BH,7,2,NA,NA
M,J_16_D,J,16,D,WL2_8_8,WL2_8,WL2,8,8,NA,9/27-powdery mildew
M,J_17_C,J,17,C,LV1_1_1,LV1_1,LV1,1,1,NA,9/27-bare stem
M,J_17_D,J,17,D,LV1_8_1,LV1_8,LV1,8,1,NA,10/13 - green mold
M,J_18_C,J,18,C,IH_4_2,IH_4,IH,4,2,9/13/23,NA
M,J_18_D,J,18,D,YO8_2_11,YO8_2,YO8,2,11,10/20/23,9/13-powdery Mildew /10/13 - no leaves
M,K_2_A,K,2,A,CP2_7_16,CP2_7,CP2,7,16,NA,10/13 - powdery mildew
M,K_2_B,K,2,B,IH_4_14,IH_4,IH,4,14,NA,NA
M,K_3_A,K,3,A,LVTR1_6_13,LVTR1_6,LVTR1,6,13,NA,9/20- leaves dead Stem turgid
M,K_3_B,K,3,B,SC_2_15,SC_2,SC,2,15,NA,NA
M,K_4_A,K,4,A,LVTR1_8_15,LVTR1_8,LVTR1,8,15,NA,8/23 re-sprouted 9/20- no leaves
M,K_4_B,K,4,B,IH_6_2,IH_6,IH,6,2,NA,NA
M,K_5_A,K,5,A,CP3_3_8,CP3_3,CP3,3,8,NA,9/20 - powdery mildew 10/20-no leaves
M,K_5_B,K,5,B,YO11_8_8,YO11_8,YO11,8,8,NA,9/13-powdery Mildew 10/20 removed red pick from 10/13 stem turgid
M,K_6_A,K,6,A,SQ2_6_8,SQ2_6,SQ2,6,8,NA,10/20 -powdery Mildew
M,K_6_B,K,6,B,CC_3_2,CC_3,CC,3,2,NA,NA
M,K_7_A,K,7,A,DPR_6_1,DPR_6,DPR,6,1,NA,NA
M,K_7_B,K,7,B,WL2_2_8,WL2_2,WL2,2,8,NA,9/20- powdery Mildew
M,K_8_A,K,8,A,WL1_7_4,WL1_7,WL1,7,4,NA,9/6-powdery mildew 10/13-no live leaves 10/20- respr.
M,K_8_B,K,8,B,FR_5_11,FR_5,FR,5,11,NA,9/6 - powdery mildew 9/13-dying 10/20- no leaves
M,K_9_A,K,9,A,YO11_4_3,YO11_4,YO11,4,3,8/2/23,NA
M,K_9_B,K,9,B,TM2_1_1,TM2_1,TM2,1,1,9/6/23,NA
M,K_10_A,K,10,A,YO7_1_2,YO7_1,YO7,1,2,NA,NA
M,K_10_B,K,10,B,CP3_6_8,CP3_6,CP3,6,8,NA,9/6 -powdery mildew 9/20 -leaves dead
M,K_11_A,K,11,A,YO8_4_2,YO8_4,YO8,4,2,NA,9/20-powdery mildew leaves dead 10/20 repr.
M,K_11_B,K,11,B,SQ2_6_26,SQ2_6,SQ2,6,26,8/2/23,NA
M,K_12_A,K,12,A,YO11_5_8,YO11_5,YO11,5,8,NA,9/27-powdery mildew 10/13 - no live leaves
M,K_12_B,K,12,B,CC_5_2,CC_5,CC,5,2,NA,NA
M,K_13_A,K,13,A,CC_1_2,CC_1,CC,1,2,NA,NA
M,K_2_C,K,2,C,YO7_5_13,YO7_5,YO7,5,13,NA,NA
M,K_3_C,K,3,C,IH_7_2,IH_7,IH,7,2,NA,NA
M,K_3_D,K,3,D,DPR_8_11,DPR_8,DPR,8,11,7/26/23,NA
M,K_4_C,K,4,C,SQ3_4_3,SQ3_4,SQ3,4,3,NA,9/20-powdery mildew
M,K_4_D,K,4,D,CC_9_2,CC_9,CC,9,2,8/9/23,NA
M,K_5_C,K,5,C,CC_1_2,CC_1,CC,1,2,NA,no plant/tag?
M,K_5_D,K,5,D,YO4_2_3,YO4_2,YO4,2,3,7/26/23,NA
M,K_6_C,K,6,C,LVTR1_5_3,LVTR1_5,LVTR1,5,3,8/2/23,NA
M,K_6_D,K,6,D,YO4_4_2,YO4_4,YO4,4,2,NA,9/13- powdery mildew 10/13-10 leaves 10/20-respr.
M,K_7_C,K,7,C,SC_6_2,SC_6,SC,6,2,NA,NA
M,K_7_D,K,7,D,YO11_6_15,YO11_6,YO11,6,15,8/2/23,NA
M,K_8_C,K,8,C,IH_1_2,IH_1,IH,1,2,NA,NA
M,K_8_D,K,8,D,BH_3_2,BH_3,BH,3,2,7/26/23,NA
M,K_9_C,K,9,C,SC_4_2,SC_4,SC,4,2,NA,NA
M,K_9_D,K,9,D,YO8_3_11,YO8_3,YO8,3,11,10/13/23,9/13-powdery mildew 9/20 - dying
M,K_10_C,K,10,C,CP2_2_13,CP2_2,CP2,2,13,NA,9/6 powdery mildew 9/20 - no leaves 9/27- - respro
M,K_10_D,K,10,D,WL2_7_8,WL2_7,WL2,7,8,NA,NA
M,K_11_C,K,11,C,SQ1_2_9,SQ1_2,SQ1,2,9,NA,9/27- powdery mildew
M,K_11_D,K,11,D,TM2_7_22,TM2_7,TM2,7,22,7/26/23,NA
M,K_12_C,K,12,C,LV3_5_11,LV3_5,LV3,5,11,8/9/23,9/6-powdery mildew
M,K_12_D,K,12,D,TM2_6_12,TM2_6,TM2,6,12,NA,8/2: stem bent 9/6- - powdery mildew
M,K_13_C,K,13,C,CP3_3_14,CP3_3,CP3,3,14,NA,10/13 - powdery mildew
